Symbol,Name,Last,Sector,Industry,Time,"10Y %Chg","YTD %Chg",Beta,"Market Cap",Sales(a),"Net Income(a)","Earnings ttm","Div Yield","52W Chg"
NVR,"NVR Inc",3909.8501,Construction,"Building - Residential & Comm","16:01 ET",+359.42%,-33.52%,0.97,12846542000,8951030000,1236720000,374.54,0.00%,-783.16
GOOG,"Alphabet Cl C",2207.8101,"Computers and Technology","Internet - Services","16:00 ET",N/A,-23.44%,1.13,1411744960000,257637000000,76033000000,110.56,0.00%,-305.24
GOOGL,"Alphabet Cl A",2195.29,"Computers and Technology","Internet - Services","16:00 ET",+635.88%,-23.85%,1.13,1405443200000,257637000000,76033000000,110.56,0.00%,-222.33
AZO,Autozone,2013.8101,Retail-Wholesale,"Retail - Wholesale Auto Parts","16:00 ET",+453.85%,-4.07%,0.9,40364528000,14629580000,2170310000,112.74,0.00%,608.01
BKNG,"Booking Holdings Inc",1973.24,Retail-Wholesale,"Internet Commerce","16:00 ET",+193.67%,-17.74%,1.18,79276192000,10958000000,1165000000,54.88,0.00%,-328.4
CMG,"Chipotle Mexican Grill",1266.16,Retail-Wholesale,"Retail - Restaurants","16:03 ET",+216.89%,-27.22%,1.3,33666516000,7547060000,652980000,25.76,0.00%,-98.2
MTD,"Mettler-Toledo International",1167.25,"Computers and Technology","Industrial Scientific","16:00 ET",+642.78%,-31.23%,1.06,26319876000,3717930000,768990000,35.22,0.00%,-191.26
TSLA,"Tesla Inc",699,Auto-Tires-Trucks,"Auto - Domestic","16:00 ET","+10,489.17%",-33.34%,2.13,686532736000,53823000000,5519000000,7.37,0.00%,105.06
EQIX,"Equinix Inc",641.25,Finance,"REIT - Equity Trust Retail","16:00 ET",+252.13%,-23.90%,0.46,56293064000,6635540000,500190000,5.42,2.01%,-165.29
BLK,"Blackrock Inc",599.9,Finance,"Finance - Investment Mgmt","16:00 ET",+248.15%,-34.30%,1.27,89573120000,19374000000,5901000000,40.92,3.26%,-279.49
ORLY,"O'Reilly Automotive",599.01,Retail-Wholesale,"Retail - Wholesale Auto Parts","16:00 ET",+612.30%,-14.96%,1.04,39217444000,13327560000,2164690000,31.21,0.00%,65.48
REGN,"Regeneron Pharmaceuticals",561.19,Medical,"Medical - Biomedical","16:00 ET",+380.08%,-11.09%,0.25,59517360000,16071700000,8075300000,78.55,0.00%,34
TDG,"Transdigm Group Inc",547.79,Aerospace,"Aerospace - Defense Equipment","16:00 ET",+292.89%,-13.55%,1.43,28812852000,4798000000,680000000,12.76,0.00%,-126.45
AVGO,"Broadcom Ltd",526.71,"Computers and Technology","Electronics - Semiconductors","16:00 ET","+1,348.94%",-20.71%,1.04,210054000000,27450000000,6736000000,29.4,3.17%,56.84
TMO,"Thermo Fisher Scientific Inc",514.76,Medical,"Medical Instruments","16:00 ET",+877.56%,-22.59%,0.83,198647392000,39211000000,7725000000,25.15,0.23%,46.42
BIO,"Bio-Rad Laboratories",480.44,Medical,"Medical Products","16:03 ET",+369.91%,-36.11%,0.93,14071538000,2922550000,4245900000,15.4,0.00%,-126.55
GWW,"W.W. Grainger",473.06,"Industrial Products","Industrial Services","16:00 ET",+145.71%,-8.33%,1.2,24012830000,13022000000,1043000000,22.43,1.44%,16.37
NOW,"Servicenow Inc",465.95,"Computers and Technology","IT Services","16:00 ET","+1,707.93%",-27.86%,1.09,89154592000,5896000000,230000000,1.56,0.00%,-37.14
UNH,"Unitedhealth Group Inc",464.33,Medical,"Medical - HMO","16:00 ET",+689.32%,-7.28%,0.83,433200928000,287597000000,17285000000,19.19,1.23%,65.32
ANTM,"Anthem Inc",462.88,Medical,"Medical - HMO","16:00 ET",+621.74%,+0.17%,0.97,110995536000,138639000000,6104000000,27.21,1.11%,79.38
COST,"Costco Wholesale",458.79,Retail-Wholesale,"Retail - Discount","16:00 ET",+378.74%,-18.83%,0.71,201459584000,195929000000,5007000000,12.96,0.80%,76.87
NOC,"Northrop Grumman Corp",458.45,Aerospace,"Aerospace - Defense","16:00 ET",+612.43%,+18.07%,0.71,70643536000,35667000000,7005000000,25.15,1.50%,82
LRCX,"Lam Research Corp",453.64,"Computers and Technology","Semi-Eqpt Wafer Fabrication","16:00 ET","+1,091.76%",-36.42%,1.26,62389840000,14626150000,3908460000,32.38,1.34%,-186.25
CHTR,"Charter Communicatio",449,"Consumer Discretionary","Cable TV","16:00 ET",+537.75%,-31.24%,1.02,75866784000,51682000000,4654000000,27.62,0.00%,-239.51
HUM,"Humana Inc",433.54,Medical,"Medical - HMO","15:59 ET",+447.43%,-6.32%,0.86,53624168000,83064000000,2933000000,21,0.74%,9.88
SIVB,"Svb Financial Group",419.04,Finance,"Banks - West","16:00 ET",+592.08%,-37.79%,1.8,23916460000,6027000000,1833000000,30.83,0.00%,-128.28
MPWR,"Monolithic Power Sys",416.19,"Computers and Technology","Semi Analog & Mixed","16:00 ET","+1,951.18%",-14.90%,1,18991164000,1207800000,242020000,5.73,0.77%,74.42
LMT,"Lockheed Martin Corp",413.82,Aerospace,"Aerospace - Defense","15:59 ET",+377.92%,+16.58%,0.76,110745752000,67044000000,6315000000,27.47,2.64%,24.53
ULTA,"Ulta Beauty Inc",405.61,Retail-Wholesale,"Retail - Misc & Diversified","16:00 ET",+320.51%,-1.55%,1.54,20347376000,8630890000,985840000,20.21,0.00%,73.28
MSCI,"MSCI Inc",397.39,"Computers and Technology","Business Software Services","16:03 ET","+1,049.32%",-34.82%,1.07,31775784000,2043540000,725980000,10.47,1.06%,-95.65
DPZ,"Domino's Pizza Inc",385.42,Retail-Wholesale,"Retail - Restaurants","16:00 ET","+1,120.09%",-31.70%,0.7,13593648000,4357370000,510470000,13.11,1.16%,-60.35
ROP,"Roper Industries",384.31,"Computers and Technology","IT Services","16:03 ET",+286.14%,-21.60%,1.01,40316844000,5777800000,1152600000,15.17,0.64%,-77.14
INTU,"Intuit Inc",378.54,"Computers and Technology","Computer - Software","16:00 ET",+514.63%,-40.74%,1.15,102896048000,9633000000,2062000000,9.56,0.75%,-89.56
ADBE,"Adobe Systems Inc",376.92,"Computers and Technology","Computer - Software","16:00 ET","+1,045.57%",-33.22%,1.08,175212464000,15785000000,4822000000,10.82,0.00%,-169.76
TDY,"Teledyne Technologies Inc",372.68,Aerospace,"Aerospace - Defense Equipment","15:59 ET",+491.78%,-14.27%,1.1,17089728000,4614300000,445300000,17.78,0.00%,-52.08
FDS,"Factset Research Systems Inc",355.87,"Business Services","Business Information","16:00 ET",+277.36%,-26.56%,0.83,13291232000,1591450000,399590000,12.12,1.01%,28.96
CTAS,"Cintas Corp",354.84,"Industrial Products","Uniform & Related","16:00 ET",+812.82%,-19.72%,1.48,36063420000,7116340000,1110970000,11.03,1.06%,-2.02
POOL,"Pool Corp",353.82,"Consumer Discretionary","Leisure & Recreational Prdcts","16:00 ET",+763.67%,-37.30%,0.88,14003459000,5295580000,650620000,17.59,1.08%,-79.52
IDXX,"Idexx Laboratories",333.94,Medical,"Medical Instruments","16:00 ET",+584.47%,-49.27%,1.11,27637462000,3215360000,744850000,8.53,0.00%,-258.24
TECH,"Bio-Techne Cp",330.66,Medical,"Medical - Biomedical","16:00 ET",+336.90%,-36.11%,1.24,12718879000,931030000,140410000,6.79,0.39%,-110.77
DE,"Deere & Company",330.58,"Industrial Products","Machinery - Farm","16:00 ET",+303.83%,-3.44%,1.02,99814600000,44024000000,5963000000,19.17,1.29%,-7
MA,"Mastercard Inc",325.39,"Business Services","Financial Transaction Services","16:00 ET",+648.97%,-9.08%,1.01,313327872000,18884000000,8687000000,9.43,0.61%,-41.44
WAT,"Waters Corp",324.23,"Computers and Technology","Industrial Scientific","15:59 ET",+304.54%,-13.04%,0.85,19364950000,2785870000,692840000,11.73,0.00%,-17.77
KLAC,"K L A-Tencor Corp",323.79,"Computers and Technology","Electronics Products - Misc","16:00 ET",+542.58%,-24.39%,1.27,47228400000,6918730000,2078290000,19.79,1.34%,4.61
SPGI,"S&P Global Inc",321.34,"Business Services","Business Information","16:00 ET",+605.40%,-31.46%,1.06,107871600000,8297000000,3024000000,13.2,1.05%,-72.55
MLM,"Martin Marietta Materials",318.45,Construction,"Building - CMT & CNT & AG","16:03 ET",+301.51%,-27.44%,0.79,19736652000,5414000000,702500000,11.6,0.77%,-26.65
TYL,"Tyler Technologies",318.27,"Computers and Technology","Business Software Services","16:00 ET",+669.71%,-40.41%,0.83,12880991000,1592290000,161460000,5.65,0.00%,-108.18
COO,"Cooper Companies",315.34,Medical,"Medical - Dental Suppliers","16:03 ET",+294.83%,-24.43%,0.9,15536891000,2922500000,2944700000,13.17,0.02%,-60.28
ZBRA,"Zebra Technologies",308.36,"Industrial Products","Machinery - Thermal Processing","16:00 ET",+775.26%,-48.05%,1.61,15793056000,5627000000,837000000,16.36,0.00%,-196.91
MCK,"Mckesson Corp",307.68,Medical,"Medical - Dental Suppliers","16:03 ET",+226.95%,+23.98%,0.66,44010444000,263966000000,1114000000,23.69,0.61%,113.91
PSA,"Public Storage",304.17,Finance,"REIT - Equity Trust Other","16:00 ET",+106.25%,-18.57%,0.29,52259604000,3415820000,1953260000,10.11,2.69%,11.82
SNPS,"Synopsys Inc",303.24,"Computers and Technology","Computer - Software","16:00 ET",+902.92%,-17.14%,1.2,45150624000,4204190000,757520000,6.22,0.00%,41.26
SBAC,"SBA Communications",301.39,Finance,"REIT - Equity Trust Other","16:00 ET",+420.70%,-22.53%,0.41,32031682000,2308830000,237620000,3.96,0.92%,-18.35
LIN,"Linde Plc",299.99,Oils-Energy,"Oil - Field Services","15:59 ET",N/A,-13.27%,0.85,148615552000,30793000000,3826000000,11.13,1.55%,9.55
LLY,"Eli Lilly and Company",292.99,Medical,"Large Cap Pharma","16:03 ET",+577.67%,+6.47%,0.4,276297024000,28318400000,5581700000,8.92,1.35%,70.57
GS,"Goldman Sachs Group",290.07,Finance,"Finance - Investment Brokers","16:00 ET",+194.74%,-23.71%,1.4,97037520000,59339000000,21635000000,51.52,2.82%,-79.47
WST,"West Pharmaceutical Services",289.89,Medical,"Medical - Dental Suppliers","16:03 ET","+1,011.55%",-37.99%,1.18,20786462000,2831600000,661800000,8.86,0.25%,-54.02
EPAM,"Epam Systems Inc",289.77,"Computers and Technology","IT Services","16:03 ET","+1,538.38%",-56.53%,1.76,15908551000,3758140000,481650000,8.89,0.00%,-210.19
ACN,"Accenture Plc",281.19,"Business Services",Consulting,"16:00 ET",+357.85%,-31.72%,1.24,174399936000,50533390000,5906810000,9.92,1.40%,-3.15
HD,"Home Depot",279.73,Retail-Wholesale,"Building Prds Retail - Wsale","16:00 ET",+425.89%,-32.41%,0.97,286404512000,151157000000,16433000000,15.75,2.68%,-25.93
BRK.B,"Berkshire Hathaway Cl B",278.89,Finance,"Insurance - Proprty & Casualty","16:00 ET",+233.18%,-6.35%,0.84,612560512000,276094000000,89795000000,12.26,0.00%,-3.92
FTNT,"Fortinet Inc",277.52,"Computers and Technology",Security,"16:00 ET","+1,059.47%",-22.44%,1.21,43218684000,3342200000,606800000,3.26,0.00%,48.71
RE,"Everest Re Group",275.26,Finance,"Insurance - Proprty & Casualty","16:00 ET",+163.47%,+0.70%,0.64,10753556000,11866260000,1379080000,32.72,2.45%,19.25
SEDG,"Solaredge Tech",274.13,Oils-Energy,Solar,"16:00 ET",N/A,-2.53%,1.1,14657062000,1963870000,169170000,3,0.00%,34.62
PAYC,"Paycom Software Inc",273.82,"Computers and Technology","Internet - Software","16:03 ET",N/A,-33.82%,1.54,16295695000,1055520000,195960000,3.8,0.00%,-60.37
MKTX,"Marketaxess Holdings",270.04,Finance,"Securities Exchanges","16:00 ET",+907.81%,-34.25%,0.55,10054845000,698950000,257890000,6.39,1.05%,-182.1
URI,"United Rentals",265.96,Construction,"Building & Construction - Misc","16:00 ET",+664.16%,-19.77%,1.81,18627712000,9716000000,1386000000,24.36,0.00%,-43.25
MCO,"Moody's Corp",262.3,Finance,"Finance - Misc Services","16:03 ET",+605.01%,-32.61%,1.19,47541960000,6218000000,2214000000,11.13,1.06%,-87.7
MOH,"Molina Healthcare Inc",260.34,Medical,"Medical - HMO","16:03 ET","+1,015.47%",-18.19%,0.81,15361204000,27771000000,659000000,14.01,0.00%,12.33
PXD,"Pioneer Natural Resources Company",258.21,Oils-Energy,"Oil - US Exploration & Product","16:00 ET",+199.91%,+42.56%,1.51,64010244000,14643000000,2118000000,19,1.24%,97.19
ESS,"Essex Property Trust",257.23,Finance,"REIT - Equity Trust Resident","16:03 ET",+66.46%,-26.89%,0.75,16738968000,1440560000,488550000,4.99,3.41%,-53.57
TFX,"Teleflex Inc",257.22,Medical,"Medical Instruments","15:59 ET",+314.56%,-21.39%,1.13,11842719000,2809560000,485370000,13.34,0.52%,-138.1
PH,"Parker-Hannifin Corp",254.79,"Industrial Products","Machinery - General Industrial","16:00 ET",+228.60%,-19.78%,1.57,32430618000,14347640000,1746100000,17.93,2.10%,-40.68
VRTX,"Vertex Pharmaceutic",253.51,Medical,"Medical - Biomedical","16:00 ET",+345.42%,+16.10%,0.55,63703704000,7574400000,2342100000,12.39,0.00%,65.98
AON,"AON Plc",252.93,Finance,"Insurance - Brokers","15:59 ET",+436.83%,-15.57%,0.94,53335996000,12193000000,1255000000,12.57,0.88%,1.95
MSFT,"Microsoft Corp",251.76,"Computers and Technology","Computer - Software","16:00 ET",+699.25%,-24.84%,0.94,1828548800000,168088000000,61271000000,9.14,1.02%,-5.58
GNRC,"Generac Holdings Inc",248.54,"Computers and Technology","Electrical Power","16:00 ET",+898.13%,-28.90%,1.14,15328775000,3737180000,550490000,9.34,0.00%,-112.05
CI,"Cigna Corp",247.1,Finance,"Insurance - Multi Line","16:00 ET",+458.43%,+7.83%,0.77,77957152000,174078000000,5365000000,21.75,1.85%,8.52
AMP,"Ameriprise Financial Services",246.48,Finance,"Finance - Investment Mgmt","16:03 ET",+365.12%,-18.31%,1.49,26714364000,13431000000,2760000000,23.31,2.08%,-8.5
DHR,"Danaher Corp",244.94,Conglomerates,"Conglomerates - Div Operations","16:03 ET",+365.48%,-25.26%,0.84,176258016000,29453000000,6433000000,10.3,0.41%,0.81
ALGN,"Align Technology",243.78,Medical,"Medical - Dental Suppliers","16:00 ET",+611.54%,-62.75%,1.77,18762132000,3952580000,772020000,8.89,0.00%,-355.27
EL,"Estee Lauder Companies",243.12,"Consumer Staples","Cosmetics & Toiletries","16:00 ET",+344.90%,-34.23%,1.04,86042008000,16215000000,2870000000,7.58,1.01%,-59.32
ODFL,"Old Dominion Freight Line Inc",242.25,Transportation,"Transportation - Truck","16:00 ET","+1,144.65%",-32.09%,1.03,27144880000,5256330000,1034380000,9.79,0.50%,-10.03
AMT,"American Tower Corp",241.4,Finance,"REIT - Equity Trust Other","16:00 ET",+235.42%,-17.28%,0.48,108966800000,9356900000,2567700000,5.78,2.33%,-28.52
APD,"Air Products and Chemicals",239.29,"Basic Materials","Chemical - Diversified","16:00 ET",+196.32%,-21.16%,0.87,53052536000,10323000000,2099100000,9.72,2.67%,-61.19
MCD,"McDonald's Corp",238.9,Retail-Wholesale,"Retail - Restaurants","16:00 ET",+169.69%,-10.65%,0.57,176574240000,23222900000,7545200000,9.64,2.31%,3.17
ANSS,"Ansys Inc",238.75,"Computers and Technology","Computer - Software","16:00 ET",+264.06%,-40.25%,1.28,19986820000,1906720000,454630000,6,0.00%,-95.85
BDX,"Becton Dickinson and Company",236.79,Medical,"Medical - Dental Suppliers","16:00 ET",+216.15%,-5.73%,0.64,67366568000,20248000000,2092000000,12.15,1.44%,-4.36
IT,"Gartner Inc",235.73,"Business Services",Consulting,"15:59 ET",+444.95%,-29.27%,1.5,18894450000,4733960000,793560000,9.59,0.00%,1.65
AMGN,"Amgen Inc",235.58,Medical,"Medical - Biomedical","16:00 ET",+223.28%,+4.87%,0.57,125910944000,25979000000,5893000000,17.66,3.28%,-3.93
FDX,"Fedex Corp",232.78,Transportation,"Transportation - Air Freight","16:00 ET",+151.01%,-9.77%,1.31,59597980000,83959000000,5231000000,18.8,1.49%,-65.93
ABMD,"Abiomed Inc",232.35,Medical,"Medical Instruments","16:00 ET",+906.40%,-34.97%,1.35,10464226000,1031750000,136510000,4.42,0.00%,-68.15
DG,"Dollar General Corp",232.25,Retail-Wholesale,"Retail - Discount","16:03 ET",+322.91%,-1.22%,0.52,52213848000,34220450000,2399230000,9.75,0.95%,20.83
STZ,"Constellation Brands Inc",230.58,"Consumer Staples","Beverages - Alcohol","16:03 ET",+755.51%,-7.97%,1.75,43572236000,8820700000,-40400000,10.2,1.39%,-5.1
FLT,"Fleetcor Technologies",229.52,"Business Services","Financial Transaction Services","16:00 ET",+547.95%,+3.09%,1.22,17559502000,2833740000,839500000,13.16,0.00%,-41.95
SHW,"Sherwin-Williams Company",228.99,Construction,"Paint & Related Products","16:00 ET",+420.17%,-34.79%,1,59694864000,19944600000,1864400000,7.69,1.01%,-41.97
LHX,"L3Harris Technologies Inc",226.7,Aerospace,"Aerospace - Defense","16:00 ET",+442.22%,+6.29%,0.76,43767196000,17814000000,1846000000,12.89,1.92%,2.94
NSC,"Norfolk Southern Corp",224.5,Transportation,"Transportation - Rail","15:59 ET",+210.45%,-24.45%,1.37,53102976000,11142000000,3005000000,12.39,2.22%,-48.32
LH,"Laboratory Corp of America Holdings",218.96,Medical,"Medical - Dental Suppliers","16:00 ET",+130.93%,-30.43%,1.04,19824820000,16120900000,2377300000,25.83,1.33%,-41.83
GD,"General Dynamics Corp",217.92,Aerospace,"Aerospace - Defense","16:00 ET",+227.32%,+4.96%,0.95,59956504000,38469000000,3257000000,11.68,2.32%,26.37
ALB,"Albemarle Corp",215.08,"Basic Materials","Chemical - Diversified","16:00 ET",+274.46%,-7.51%,1.52,26154844000,3327960000,123670000,5.33,0.71%,50.18
CRL,"Charles River Laboratories Intl",212.89,Medical,"Medical Services","16:00 ET",+539.50%,-43.23%,1.27,10643648000,3540160000,390980000,10.55,0.00%,-140.45
UNP,"Union Pacific Corp",209.84,Transportation,"Transportation - Rail","16:00 ET",+249.49%,-16.37%,1.22,130936944000,21804000000,6523000000,10.52,2.50%,-12.16
ADP,"Automatic Data Procs",207.15,"Business Services",Outsourcing,"16:00 ET",+318.09%,-15.68%,0.82,85274704000,15005400000,2598500000,6.71,2.03%,8.89
HSY,"Hershey Foods Corp",206.19,"Consumer Staples","Food - Confectionery","16:00 ET",+187.09%,+6.87%,0.36,314221952000,8971340000,1477510000,7.79,1.72%,31.92
CAT,"Caterpillar Inc",206,"Industrial Products","Machinery - Construct & Mining","16:00 ET",+143.42%,-0.15%,0.94,110238736000,50971000000,6489000000,10.83,2.15%,-13.02
HII,"Huntington Ingalls Industries",205.67,Aerospace,"Aerospace - Defense","16:00 ET",+408.97%,+9.64%,0.78,8202026000,9524000000,544000000,13.34,2.28%,-15.35
ROK,"Rockwell Automation Inc",205.57,"Computers and Technology","Industrial Robotics","15:59 ET",+203.39%,-40.93%,1.42,23301230000,6997400000,1358100000,8.44,2.22%,-77.95
SNA,"Snap-On Inc",203.84,"Consumer Discretionary","Tools - Hand Held","16:00 ET",+230.23%,-5.22%,1.08,10972094000,4252000000,820500000,15.43,2.76%,-26.96
RMD,"Resmed Inc",203.28,Medical,"Medical Products","16:00 ET",+547.47%,-21.85%,0.45,29551032000,3196830000,474510000,5.65,0.83%,-32.89
MSI,"Motorola Solutions",203.13,"Computers and Technology","Wireless Equipment","15:59 ET",+322.59%,-24.78%,0.91,34013152000,8171000000,1245000000,8.32,1.56%,-6.57
SYK,"Stryker Corp",202.3,Medical,"Medical Products","15:59 ET",+264.03%,-24.00%,0.99,75850128000,17108000000,1994000000,9.13,1.34%,-53.43
STE,"Steris Corp",202.28,Medical,"Medical Instruments","16:00 ET",+549.25%,-16.83%,0.67,20383294000,4585060000,243890000,7.91,0.81%,4.23
IQV,"Iqvia Holdings Inc",202.13,"Business Services","Technology Services","16:03 ET",N/A,-28.11%,1.41,38022368000,13874000000,966000000,8.72,0.00%,-43.95
NDSN,"Nordson Corp",201.69,"Industrial Products","Machinery - General Industrial","16:00 ET",+291.54%,-20.70%,0.94,11549560000,2362210000,454370000,8.8,1.01%,-20.58
CME,"CME Group Inc",200.88,Finance,"Securities Exchanges","16:00 ET",+265.73%,-11.66%,0.48,70486048000,4689700000,2636400000,7.01,1.97%,-15.15
CB,"Chubb Ltd",199.28,Finance,"Insurance - Proprty & Casualty","16:00 ET",+167.02%,+3.57%,0.73,83869352000,40963000000,8539000000,13.89,1.62%,32.12
CMI,"Cummins Inc",199.16,Auto-Tires-Trucks,"Engines - Internal Combustion","16:03 ET",+102.88%,-8.38%,1.02,27741280000,24021000000,2131000000,14.65,2.96%,-50.23
BIIB,"Biogen Inc",197.26,Medical,"Medical - Biomedical","16:00 ET",+46.01%,-17.58%,0.42,28438048000,10981700000,1556100000,17.46,0.00%,-198.33
V,"Visa Inc",196.16,"Business Services","Financial Transaction Services","16:00 ET",+526.13%,-9.16%,0.9,367935328000,24105000000,12311000000,6.71,0.78%,-36.12
ISRG,"Intuitive Surg Inc",196.13,Medical,"Medical Instruments","16:00 ET",+210.57%,-45.15%,1.26,68596688000,5710100000,1704600000,4.5,0.00%,-93.72
TSCO,"Tractor Supply Company",196.13,Retail-Wholesale,"Retail - Misc & Diversified","16:00 ET",+362.73%,-17.47%,1.04,21500364000,12731110000,997110000,8.72,1.92%,17.24
WTW,"Willis Towers Watson Public Ltd CO",194.81,Finance,"Insurance - Brokers","16:00 ET",+225.33%,-17.67%,0.79,21725664000,8998000000,4222000000,12.72,1.68%,-60.07
ILMN,"Illumina Inc",193.63,Medical,"Medical - Biomedical","16:00 ET",+368.95%,-49.02%,1.01,29756312000,4526000000,762000000,5.14,0.00%,-257.86
ENPH,"Enphase Energy Inc",188.48,Oils-Energy,Solar,"16:00 ET","+2,786.17%",+3.42%,1.41,24240224000,1382050000,145450000,1.59,0.00%,44.27
AVB,"Avalonbay Communities",187.58,Finance,"REIT - Equity Trust Resident","16:03 ET",+30.89%,-25.44%,0.94,25892896000,2294850000,1004410000,8.04,3.41%,-22.65
ITW,"Illinois Tool Works Inc",186.41,"Industrial Products","Machinery - General Industrial","16:00 ET",+251.54%,-24.17%,1.07,57906596000,14455000000,2694000000,8.18,2.59%,-44.87
HON,"Honeywell International Inc",184.97,Conglomerates,"Conglomerates - Div Operations","16:00 ET",+228.22%,-11.04%,1.05,124764736000,34392000000,5542000000,8.04,2.13%,-37.01
HCA,"Hca Holdings Inc",181.69,Medical,"Medical - Hospitals","16:00 ET",+489.16%,-29.17%,1.61,52974376000,58752000000,6956000000,17.48,1.21%,-27.58
SBNY,"Signature Bank",180.91,Finance,"Banks - Northeast","16:00 ET",+192.05%,-43.68%,1.78,10796310000,2311270000,918440000,17.09,1.29%,-59.89
NFLX,"Netflix Inc",180.11,"Consumer Discretionary","Broadcast - Radio & TV","16:00 ET","+1,612.34%",-69.93%,1.28,74433664000,29697840000,5116230000,11.02,0.00%,-310.74
IEX,"Idex Corp",179.66,"Industrial Products","Machinery - General Industrial","16:03 ET",+360.26%,-23.63%,1.04,13636235000,2764800000,449400000,6.75,1.33%,-41.98
JKHY,"Jack Henry & Assoc",179.27,"Computers and Technology","Electronic Misc Services","16:00 ET",+413.06%,+7.64%,0.58,12904941000,1758230000,311470000,4.88,1.11%,15.84
LOW,"Lowe's Companies",179.01,Retail-Wholesale,"Building Prds Retail - Wsale","16:03 ET",+525.67%,-30.71%,1.25,113726624000,96250000000,8442000000,12.27,1.77%,-8.77
EFX,"Equifax Inc",178.34,"Business Services","Financial Transaction Services","16:00 ET",+269.14%,-38.94%,1.5,21044064000,4923900000,744200000,7.89,0.87%,-52.64
ADSK,"Autodesk Inc",176.71,"Computers and Technology","Computer - Software","16:00 ET",+390.40%,-36.74%,1.43,37281704000,4386400000,497000000,3.2,0.00%,-98.88
UPS,"United Parcel Service",175.88,Transportation,"Transportation - Air Freight","16:03 ET",+121.13%,-17.74%,1.16,152175088000,97287000000,12890000000,12.41,3.52%,-26.03
AIZ,"Assurant Inc",173.24,Finance,"Insurance - Multi Line","16:00 ET",+405.20%,+11.45%,0.56,9519499000,10187600000,1372400000,10.62,1.58%,12.81
AAP,"Advance Auto Parts Inc",172.29,Retail-Wholesale,"Retail - Wholesale Auto Parts","16:00 ET",+151.36%,-28.18%,1.23,10398546000,10997990000,616110000,12.25,3.48%,-28.38
JNJ,"Johnson & Johnson",169.99,Medical,"Large Cap Pharma","16:00 ET",+148.95%,-0.38%,0.66,442575520000,93775000000,20878000000,9.88,2.65%,5.93
META,"Meta Platforms Inc",169.35,N/A,N/A,"16:00 ET",+426.63%,-49.44%,-1.87,798260000,117929000000,39370000000,N/A,0.00%,-166.7
NXPI,"Nxp Semiconductors",168.94,"Computers and Technology","Semi Analog & Mixed","16:00 ET",+624.45%,-25.56%,1.35,44187060000,11063000000,1871000000,10.48,2.01%,-33.44
CRM,"Salesforce Inc",168.55,"Computers and Technology","Computer - Software","16:00 ET",+375.77%,-33.43%,1.16,163627744000,26492000000,1444000000,2.3,0.00%,-73.41
TRV,"The Travelers Companies Inc",165.54,Finance,"Insurance - Proprty & Casualty","16:00 ET",+160.51%,+6.21%,0.7,39907912000,34816000000,3662000000,15.47,2.22%,11.53
MTB,"M&T Bank Corp",165.49,Finance,"Banks - Major Regional","16:03 ET",+99.71%,+8.08%,0.86,29585862000,6105780000,1858750000,13.44,2.96%,11.65
NVDA,"Nvidia Corp",165.27,"Computers and Technology","Semi General","16:00 ET","+4,483.50%",-43.36%,1.59,395900000000,26914000000,9752000000,4.22,0.10%,-11.29
CVX,"Chevron Corp",164.26,Oils-Energy,"Oil - International Integrated","16:03 ET",+58.82%,+40.52%,1.09,329204416000,162465000000,15625000000,10.59,3.39%,54.6
VRSN,"Verisign Inc",163.88,"Computers and Technology","Internet Software Services","16:00 ET",+269.93%,-35.12%,1.01,17656462000,1327580000,784830000,5.62,0.00%,-56.1
CDW,"CDW Corp",163.85,"Computers and Technology","IT Services","16:00 ET",N/A,-19.63%,1.11,21956350000,20820800000,988600000,8.1,1.24%,-6.34
MAA,"Mid-America Apartment Communities",162.41,Finance,"REIT - Equity Trust Resident","16:03 ET",+134.51%,-28.97%,0.74,18471942000,1778080000,533790000,5.16,2.70%,-7.89
JBHT,"J B Hunt Transport",161.52,Transportation,"Transportation - Truck","16:00 ET",+170.84%,-20.80%,1.08,16914070000,12168300000,760810000,8.06,1.00%,-4.89
EXR,"Extra Space Storage Inc",161.5,Finance,"REIT - Equity Trust Other","16:03 ET",+418.76%,-28.63%,0.46,21315604000,1577360000,827650000,6.16,3.76%,1.83
AVY,"Avery Dennison Corp",161.1,"Industrial Products","Office Supply & Forms","16:03 ET",+489.21%,-25.48%,0.93,13163306000,8408300000,740100000,8.92,1.86%,-53.29
CCI,"Crown Castle International Corp",160.25,Finance,"REIT - Equity Trust Other","16:00 ET",+169.21%,-23.11%,0.53,68384416000,6340000000,1096000000,3.36,3.54%,-35.02
VRSK,"Verisk Analytics Inc",160.19,"Business Services","Business Information","16:00 ET",+221.21%,-29.76%,0.88,24984832000,2998600000,666200000,5.42,0.77%,-11.92
ZTS,"Zoetis Inc Cl A",158.1,Medical,"Medical - Drugs","15:59 ET",N/A,-34.98%,0.77,74265256000,7776000000,2037000000,4.76,0.83%,-26.99
PEP,"Pepsico Inc",157.79,"Consumer Staples","Beverages - Soft","16:00 ET",+120.95%,-8.74%,0.59,215864464000,79474000000,7618000000,6.33,2.88%,9.94
PNC,"PNC Bank",156.51,Finance,"Banks - Major Regional","16:00 ET",+154.72%,-21.69%,1.24,64378020000,19698000000,5674000000,15.22,3.86%,-32.24
TXN,"Texas Instruments",155.92,"Computers and Technology","Semi General","16:00 ET",+437.05%,-17.04%,0.94,142082400000,18344000000,7769000000,8.74,3.00%,-32.25
WHR,"Whirlpool Corp",155.48,"Consumer Discretionary","Appliances - Household","15:59 ET",+154.02%,-33.56%,1.54,8731541000,21985000000,1783000000,24.77,4.43%,-65.2
MAR,"Marriot Int Cl A",154.8,"Consumer Discretionary","Hotels & Motels","16:00 ET",+288.32%,-5.78%,1.57,49821304000,13857000000,1099000000,4.33,0.79%,11.57
DLTR,"Dollar Tree Inc",154.54,Retail-Wholesale,"Retail - Discount","16:00 ET",+190.00%,+9.81%,0.7,35035224000,26321200000,1327900000,6.57,0.00%,53.62
FFIV,"F5 Inc",153.27,"Computers and Technology","Internet - Software","16:00 ET",+51.46%,-37.19%,1.18,9118572000,2603420000,331240000,7.59,0.00%,-35.68
AJG,"Arthur J. Gallagher & Company",152.9,Finance,"Insurance - Brokers","15:59 ET",+336.93%,-9.53%,0.7,32188718000,8209400000,906800000,6.29,1.35%,8.96
VMC,"Vulcan Materials Company",151.45,Construction,"Building - CMT & CNT & AG","16:00 ET",+280.36%,-26.64%,0.7,20072610000,5552200000,670800000,5.09,1.05%,-19.79
ADI,"Analog Devices",150.08,"Computers and Technology","Semi Analog & Mixed","16:00 ET",+290.68%,-14.31%,1.07,76499856000,7318290000,1390420000,7.79,2.06%,-17
ECL,"Ecolab Inc",150.04,"Basic Materials","Chemical - Specialty","16:03 ET",+119.29%,-35.69%,1.05,42928236000,12733100000,1129900000,4.7,1.34%,-64.05
NDAQ,"Nasdaq Inc",149.92,Finance,"Securities Exchanges","16:00 ET",+543.45%,-28.58%,0.94,24021578000,5886000000,1187000000,7.58,1.63%,-26.3
MMC,"Marsh & Mclennan Companies",148.3,Finance,"Insurance - Brokers","15:59 ET",+356.90%,-14.52%,0.95,73911856000,19820000000,3143000000,6.49,1.45%,7.95
CDNS,"Cadence Design Sys",147.72,"Computers and Technology","Computer - Software","16:00 ET","+1,204.73%",-20.43%,1.13,39541084000,2988240000,695960000,2.98,0.00%,18.82
TGT,"Target Corp",147.45,Retail-Wholesale,"Retail - Discount","15:59 ET",+145.23%,-36.08%,0.96,66169420000,106005000000,6946000000,12.05,2.49%,-84.64
PKG,"Packaging Corp of America",147.19,"Industrial Products","Containers - Paper Products","16:00 ET",+421.35%,+8.16%,0.76,13795596000,7730300000,841100000,10.34,2.78%,7.32
FANG,"Diamondback Energy",146.76,Oils-Energy,"Oil - US Exploration & Product","16:00 ET",N/A,+36.51%,2.18,26558278000,6797000000,2182000000,14.17,1.89%,56.37
AXP,"American Express Company",146.16,Finance,"Finance - Misc Services","15:59 ET",+148.41%,-10.39%,1.08,108892480000,43663000000,8060000000,9.98,1.42%,-19.68
WM,"Waste Management",145.41,"Business Services","Waste Removal Svcs","16:00 ET",+335.99%,-12.52%,0.8,60462440000,17931000000,1816000000,5.08,1.76%,5.14
SRE,Sempra,144.72,Utilities,"Utility - Gas Distribution","15:59 ET",+110.25%,+9.69%,0.62,45517648000,12857000000,1318000000,8.4,3.11%,1.04
ABC,"Amerisourcebergen Corp",142.31,Medical,"Medical - Dental Suppliers","16:00 ET",+258.86%,+7.12%,0.45,29578412000,213988800000,1539930000,10.35,1.30%,23.32
FRC,"First Republic Bank",140.45,Finance,"Banks - West","15:59 ET",+307.62%,-31.78%,1.11,24604456000,5305000000,1478000000,7.88,0.80%,-46.43
PKI,Perkinelmer,140.41,"Computers and Technology","Industrial Scientific","16:03 ET",+435.43%,-29.87%,1.15,17426084000,5067170000,943160000,10.11,0.20%,-7.1
KEYS,"Keysight Technologies Inc Comm",138.47,"Computers and Technology","Electronics - Measuring Inst","16:03 ET",N/A,-32.68%,1.08,24323298000,4941000000,894000000,6.26,0.00%,-8.96
ABBV,"Abbvie Inc",138.09,Medical,"Large Cap Pharma","16:03 ET",N/A,+2.09%,0.83,243189664000,56197000000,11542000000,12.91,4.05%,22.4
BR,"Broadridge Financial Solutions Llc",137.95,"Business Services",Outsourcing,"16:00 ET",+531.97%,-24.55%,0.95,15757651000,4993700000,547500000,6.02,1.89%,-23.69
IBM,"International Business Machines",137.06,"Computers and Technology","Computer - Integrated Systems","16:00 ET",-30.61%,+2.75%,1,122071320000,57350000000,5742000000,9.6,4.88%,-12.02
ARE,"Alexandria Real Estate Equities",135.73,Finance,"REIT - Equity Trust Other","16:00 ET",+86.15%,-38.73%,0.85,22094820000,2114150000,571250000,2.79,3.36%,-47.11
AAPL,"Apple Inc",135.43,"Computers and Technology","Computer - Mini","16:00 ET",+536.52%,-23.47%,1.2,2148744480000,365817000000,94680000000,6.16,0.70%,6.25
AWK,"American Water Works",135.02,Utilities,"Utility - Water Supply","16:00 ET",+289.35%,-28.41%,0.45,24258576000,3930000000,1263000000,4.39,1.86%,-26.58
CE,"Celanese Corp",134.38,"Basic Materials","Chemical - Specialty","16:03 ET",+293.44%,-20.03%,1.18,14752769000,8537000000,1890000000,20.29,1.97%,-22.29
MMM,"3M Company",134.33,Conglomerates,"Conglomerates - Div Operations","16:03 ET",+50.95%,-24.10%,0.92,76965232000,35355000000,5921000000,10,4.37%,-65.79
BA,"Boeing Company",133.72,Aerospace,"Aerospace - Defense","16:00 ET",+64.41%,-33.46%,1.48,72274256000,62286000000,-4202000000,-10.64,0.00%,-112.59
PG,"Procter & Gamble Company",132.51,"Consumer Staples","Soap and Cleaning Products","16:03 ET",+118.51%,-18.96%,0.4,321121920000,76118000000,14306000000,5.73,2.64%,-2.09
GPC,"Genuine Parts Company",132.42,Auto-Tires-Trucks,"Auto - Truck Replacement Parts","16:00 ET",+119.82%,-5.39%,0.99,18752842000,18870510000,898790000,7.27,2.72%,5.38
QCOM,"Qualcomm Inc",131.03,"Computers and Technology","Wireless Equipment","16:00 ET",+133.94%,-27.98%,1.2,145891184000,33566000000,9043000000,9.72,2.33%,-3.87
ETN,"Eaton Corp",131.01,"Industrial Products","Machinery - Electrical","16:00 ET",+229.35%,-23.96%,1.16,52077480000,19628000000,2144000000,6.81,2.44%,-16.43
EA,"Electronic Arts Inc",129.26,"Consumer Discretionary","Toys & Game & Hobby","16:00 ET",+931.34%,-1.75%,0.81,35650100000,6991000000,789000000,5.14,0.59%,-15.21
DLR,"Digital Realty Trust",128.93,Finance,"REIT - Equity Trust Other","16:00 ET",+65.94%,-26.97%,0.29,35461592000,4427880000,1709260000,4.89,3.84%,-30.19
DGX,"Quest Diagnostics Inc",128.78,Medical,"Medical - Outpatient & Hm Care","16:03 ET",+112.14%,-25.55%,1.05,14913569000,10788000000,1995000000,13.69,2.07%,0.63
CPT,"Camden Property Trust",128.55,Finance,"REIT - Equity Trust Resident","16:00 ET",+86.20%,-27.40%,0.78,13421646000,1143590000,303910000,3.37,2.97%,-4.72
MRNA,"Moderna Inc",128.53,Medical,"Medical - Biomedical","16:00 ET",N/A,-49.30%,1.7,48351704000,18471000000,12202000000,34.03,0.00%,-72.82
VLO,"Valero Energy Corp",128.3,Oils-Energy,"Oil - Refining and Marketing","16:00 ET",+453.83%,+71.58%,1.77,54582840000,113977000000,930000000,6.48,2.98%,46.57
TT,"Trane Technologies Plc",127.82,"Business Services","Technology Services","16:03 ET",+200.33%,-36.48%,1.04,29625384000,14136400000,1423400000,6.2,2.10%,-55.93
EOG,"Eog Resources",127.46,Oils-Energy,"Oil - US Exploration & Product","16:00 ET",+191.33%,+44.20%,1.66,76880816000,18642000000,4664000000,10.98,2.26%,42.49
TMUS,"T-Mobile US",126.52,Utilities,"Wireless National","16:00 ET",+932.23%,+9.68%,0.51,156036336000,80118000000,3024000000,3,0.00%,-18.47
TTWO,"Take-Two Interactive",126.16,"Consumer Discretionary","Toys & Game & Hobby","16:00 ET","+1,183.40%",-28.69%,0.77,14060370000,3504800000,418020000,3.94,0.00%,-51.87
MHK,"Mohawk Industries",125.42,"Consumer Discretionary","Textile - Home Furnishings","16:00 ET",+77.02%,-31.17%,1.29,7854056000,11200610000,1033160000,15.13,0.00%,-64.23
SJM,"J.M. Smucker Company",125.17,"Consumer Staples","Food - Misc & Diversified","16:00 ET",+66.00%,-7.59%,0.28,13596295000,7998900000,631700000,8.89,3.11%,-9.27
J,"Jacobs Engineering Group Inc",124.67,"Industrial Products","Engineering & R&D Services","15:59 ET",+228.37%,-10.35%,0.81,15990906000,14092630000,477030000,6.5,0.73%,-13.82
PWR,"Quanta Services",124.12,"Industrial Products","Engineering & R&D Services","16:00 ET",+413.29%,+8.48%,1.19,17755244000,12980210000,485960000,4.96,0.22%,32.33
DOV,"Dover Corp",124.06,"Industrial Products","Machinery - General Industrial","16:00 ET",+183.99%,-31.59%,1.42,17732048000,7907080000,1123820000,7.72,1.61%,-27.13
RSG,"Republic Services",123.36,"Business Services","Waste Removal Svcs","16:00 ET",+365.08%,-11.23%,0.75,38873544000,11295000000,1290400000,4.36,1.48%,13.17
CLX,"Clorox Company",123.13,"Consumer Staples","Soap and Cleaning Products","16:00 ET",+72.01%,-29.31%,0.18,15340691000,7341000000,710000000,4.13,3.60%,-50.27
KMB,"Kimberly-Clark Corp",122.41,"Consumer Staples","Consumer Prdts - Misc Staple","16:03 ET",+47.20%,-14.12%,0.37,41546344000,19440000000,1814000000,5.74,3.66%,-6.48
HLT,"Hilton Inc",121.88,"Consumer Discretionary","Hotels & Motels","15:59 ET",N/A,-21.66%,1.17,33160476000,5788000000,410000000,2.77,0.50%,-7.04
ALL,"Allstate Corp",121.67,Finance,"Insurance - Proprty & Casualty","16:00 ET",+247.65%,+3.78%,0.82,33545176000,50588000000,1599000000,9.85,2.76%,-10.01
TEL,"Te Connectivity Ltd",120.6,"Computers and Technology","Electronics - Misc Components","16:03 ET",+271.01%,-25.03%,1.27,38142180000,14923000000,2261000000,7.05,1.89%,-15.7
WMT,"Walmart Inc",119.38,Retail-Wholesale,"Retail - Supermarket","16:00 ET",+71.34%,-17.30%,0.5,327457760000,572754000000,13673000000,6.06,1.88%,-20.34
DTE,"Dte Energy Company",119.2,Utilities,"Utility - Electric Power","15:59 ET",+140.91%,-0.05%,0.63,23076250000,14964000000,907000000,6.78,2.90%,4.79
PAYX,"Paychex Inc",117.95,"Business Services",Outsourcing,"16:00 ET",+273.99%,-13.26%,0.98,42408664000,4056800000,1097500000,3.67,2.70%,14.06
CINF,"Cincinnati Financial",117.52,Finance,"Insurance - Proprty & Casualty","16:00 ET",+205.81%,+3.28%,0.67,18668528000,9630000000,2946000000,6.62,2.37%,-4.03
HES,"Hess Corp",117.16,Oils-Energy,"Oil - US Integrated","16:00 ET",+176.34%,+59.09%,1.66,37373348000,7583000000,559000000,2.67,1.23%,27.11
DRI,"Darden Restaurants",116.55,Retail-Wholesale,"Retail - Restaurants","16:03 ET",+125.22%,-22.57%,1.32,14223418000,7196100000,629300000,7.2,3.85%,-20.07
A,"Agilent Technologies",116.47,"Computers and Technology","Electronic Test Equipment","16:03 ET",+313.90%,-26.85%,1.05,34653116000,6319000000,1210000000,4.65,0.72%,-27.83
NUE,"Nucor Corp",116.46,"Basic Materials","Steel - Producers","16:00 ET",+200.05%,+2.13%,1.23,30256572000,36483940000,6827460000,27.96,1.78%,14.66
IFF,"International Flavors & Fragrances",116.43,"Consumer Staples","Consumer Prdts - Misc Staple","16:00 ET",+113.81%,-22.44%,1.02,29859368000,11656000000,270000000,5.76,2.64%,-30.39
JPM,"JP Morgan Chase & Company",115.41,Finance,"Banks - Major Regional","16:00 ET",+219.23%,-26.84%,1.11,334999936000,127202000000,48334000000,13.48,3.45%,-39.33
PLD,"Prologis Inc",115.06,Finance,"REIT - Equity Trust Other","15:59 ET",+233.01%,-31.43%,0.84,81917952000,4759440000,2939720000,4.99,2.91%,-7.7
PPG,"PPG Industries",113.62,"Basic Materials","Chemical - Diversified","16:03 ET",+110.16%,-33.99%,1.15,26337992000,16802000000,1439000000,6.26,2.08%,-62.53
NKE,"Nike Inc",113.44,"Consumer Staples","Shoes and Related Apparel","16:00 ET",+404.53%,-31.69%,0.96,174247488000,44538000000,5727000000,3.79,1.10%,-16.44
GPN,"Global Payments Inc",112.85,"Business Services","Financial Transaction Services","16:00 ET",+418.85%,-16.06%,0.99,31574712000,8523760000,965460000,7.92,0.91%,-80.88
PGR,"Progressive Corp",112.57,Finance,"Insurance - Proprty & Casualty","16:00 ET",+439.65%,+9.99%,0.49,65746136000,47702000000,3350900000,3.82,0.35%,19.14
AME,"Ametek Inc",112.28,"Computers and Technology","Electronic Test Equipment","16:00 ET",+234.62%,-23.37%,1.27,25709520000,5546510000,990050000,5.11,0.79%,-24.49
YUM,"Yum! Brands",111.91,Retail-Wholesale,"Retail - Restaurants","15:59 ET",+137.84%,-19.24%,1.03,31433630000,6584000000,1575000000,4.45,2.05%,-6.42
TROW,"T Rowe Price Group",110.07,Finance,"Finance - Investment Mgmt","16:00 ET",+71.03%,-43.97%,1.34,24475340000,7671900000,3082900000,12.37,4.45%,-85.07
CBOE,"CBOE Global Markets Inc",109.83,Finance,"Securities Exchanges","16:00 ET",+288.44%,-16.04%,0.63,11417441000,3494800000,529000000,6.26,1.77%,-5.08
COP,Conocophillips,109.33,Oils-Energy,"Oil - US Integrated","16:00 ET",+99.52%,+51.97%,1.34,144206736000,48349000000,8079000000,8.58,1.65%,48.52
COF,"Capital One Financial Corp",108.17,Finance,"Finance - Consumer Loans","16:00 ET",+94.99%,-25.18%,1.44,41891376000,32033000000,12390000000,25.6,2.24%,-53.56
ETR,"Entergy Corp",107.77,Utilities,"Utility - Electric Power","16:00 ET",+58.04%,-3.95%,0.58,21819996000,11742900000,1118720000,5.87,3.68%,-1.03
AMZN,"Amazon.com Inc",107.67,Retail-Wholesale,"Internet Commerce","16:00 ET",+796.08%,-35.19%,1.23,1040901920000,469822000000,33364000000,2.67,0.00%,-61.11
FMC,"FMC Corp",107.16,"Basic Materials","Chemical - Diversified","16:03 ET",+101.80%,-2.28%,0.82,13591338000,5045200000,736500000,7.28,1.96%,-11.37
ZBH,"Zimmer Biomet Holdings",106.97,Medical,"Medical Products","16:03 ET",+63.56%,-15.46%,1.16,22062170000,7836200000,401600000,7.27,0.87%,-50.94
SWK,"Stanley Black & Decker Inc",106.56,"Industrial Products","Machinery - Tools & Related","16:00 ET",+65.89%,-43.39%,1.37,16118532000,15617200000,1600300000,10.09,2.99%,-95.47
CPRT,"Copart Inc",106.45,"Business Services","Auction Valuation Services","16:00 ET",+774.55%,-29.54%,1.13,24620544000,2692510000,936500000,4.37,0.00%,-18.74
ATO,"Atmos Energy Corp",106.09,Utilities,"Utility - Gas Distribution","16:03 ET",+200.94%,+1.51%,0.48,14671641000,3407490000,665560000,5.38,2.54%,5.39
UHS,"Universal Health Services",105.44,Medical,"Medical - Hospitals","16:00 ET",+142.98%,-18.63%,1.1,7844801000,12642120000,991590000,11.53,0.73%,-51.1
CTLT,"Catalent Inc",104.97,Medical,"Medical - Drugs","15:59 ET",N/A,-17.58%,1.43,18690124000,3998000000,529000000,3.56,0.00%,-2.95
ABT,"Abbott Laboratories",104.77,Medical,"Medical Products","15:59 ET",+219.34%,-25.41%,0.73,180241984000,43075000000,7071000000,5.62,1.78%,-5.43
EXPE,"Expedia Group Inc",104.41,Retail-Wholesale,"Internet Commerce","16:00 ET",+112.04%,-42.14%,1.53,16013000000,8598000000,12000000,0.84,0.00%,-65.43
PTC,"Ptc Inc",103.42,"Computers and Technology","Computer - Software","16:00 ET",N/A,-14.26%,1.13,11684731000,1807160000,476920000,3.15,0.00%,-32.58
CHRW,"C.H. Robinson Ww",103.14,Transportation,"Transportation - Services","16:00 ET",+81.70%,-3.80%,0.73,13534738000,23102140000,844250000,7.08,2.19%,4.36
PSX,"Phillips 66",102.38,Oils-Energy,"Oil - Refining and Marketing","16:00 ET",+213.27%,+42.30%,1.39,50096940000,111476000000,1317000000,8.18,3.82%,11.01
ALLE,"Allegion Plc",100.69,"Industrial Products","Protection - Safety","16:03 ET",N/A,-23.78%,1.03,8892012000,2867400000,483000000,5.06,1.59%,-37.55
DUK,"Duke Energy Corp",100.18,Utilities,"Utility - Electric Power","16:03 ET",+45.91%,-4.28%,0.34,77713712000,25097000000,3908000000,5.27,3.81%,-2.81
MPC,"Marathon Petroleum Corp",98.9,Oils-Energy,"Oil - Refining and Marketing","16:00 ET",+357.12%,+55.24%,1.76,55543956000,119983000000,9738000000,4.19,2.27%,35.67
LDOS,"Leidos Holdings Inc",98.79,Aerospace,"Aerospace - Defense","16:03 ET",+193.76%,+11.32%,0.73,13380578000,13737000000,753000000,6.46,1.45%,-8.2
QRVO,"Qorvo Inc",98.52,"Computers and Technology","Semi Radio Frequency","16:00 ET",N/A,-36.77%,1.34,10248570000,4645710000,1033350000,11.73,0.00%,-83.03
PM,"Philip Morris International Inc",98.21,"Consumer Staples",Tobacco,"16:00 ET",+13.42%,+3.37%,0.66,153414384000,31405000000,9109000000,6.06,5.08%,-2.26
EXPD,"Expeditors Intl",97.95,Transportation,"Transportation - Services","16:00 ET",+154.45%,-27.12%,0.85,16540542000,16523520000,1415490000,8.64,1.39%,-27.62
SPG,"Simon Property Group",97.5,Finance,"REIT - Equity Trust Retail","16:00 ET",-38.00%,-38.79%,1.46,31712802000,5116790000,2249630000,6.46,7.00%,-33.5
AMAT,"Applied Materials",97.42,"Computers and Technology","Semi-Eqpt Wafer Fabrication","16:00 ET",+744.58%,-37.72%,1.43,84054280000,23063000000,5888000000,7.58,1.08%,-40.64
GRMN,"Garmin Ltd",96.98,"Computers and Technology","Electronics Products - Misc","16:03 ET",+152.60%,-28.44%,1.02,18679050000,4982800000,1082200000,5.75,2.75%,-45.94
LYB,"Lyondellbasell Industries NV",96.11,"Basic Materials","Chemical - Diversified","15:59 ET",+142.07%,+4.43%,1.27,31936596000,46173000000,5610000000,19.01,4.88%,-12.48
FRT,"Federal Realty Investment Trust",95.93,Finance,"REIT - Equity Trust Retail","16:00 ET",-8.58%,-29.30%,1.09,7557607000,951220000,261500000,3.28,4.42%,-26.45
DIS,"Walt Disney Company",95.88,"Consumer Discretionary","Media Conglomerates","16:03 ET",+94.27%,-37.88%,1.21,171540032000,67418000000,1995000000,3.31,0.00%,-79.64
RL,"Ralph Lauren Corp",95.83,"Consumer Staples","Textile - Apparel","15:59 ET",-32.48%,-19.22%,1.38,6626992000,6218500000,600100000,8.34,2.91%,-25.3
ICE,"Intercontinental Exchange",95.63,Finance,"Securities Exchanges","16:00 ET",+245.82%,-29.71%,0.89,52504920000,7146000000,4058000000,5.23,1.57%,-17.91
FIS,"Fidelity National Information Services",95.47,"Business Services","Financial Transaction Services","16:03 ET",+179.49%,-12.26%,0.69,58175936000,13877000000,417000000,6.73,1.98%,-50.21
APTV,"Aptiv Plc",95.46,"Business Services","Technology Services","16:00 ET",+342.96%,-41.88%,2,25716770000,15618000000,590000000,2.17,0.00%,-61.13
EMN,"Eastman Chemical Company",95.04,"Basic Materials","Chemical - Diversified","15:59 ET",+91.07%,-21.30%,1.43,12403604000,10476000000,857000000,8.79,3.11%,-27.23
XOM,"Exxon Mobil Corp",94.89,Oils-Energy,"Oil - International Integrated","16:03 ET",+12.31%,+55.72%,1.05,404825344000,285640000000,23040000000,6.8,3.67%,30.96
PRU,"Prudential Financial Inc",94.85,Finance,"Insurance - Multi Line","16:00 ET",+94.38%,-12.18%,1.49,35302500000,70934000000,7724000000,13.92,5.09%,-9.83
DFS,"Discover Financial Services",94.68,Finance,"Finance - Consumer Loans","16:00 ET",+165.59%,-18.01%,1.45,25803824000,13221000000,5449000000,16.95,2.61%,-28.26
SWKS,"Skyworks Solutions",94.62,"Computers and Technology","Semi Radio Frequency","16:00 ET",+239.53%,-38.73%,1.13,14927496000,5109100000,1498300000,9.57,2.40%,-76.6
NTRS,"Northern Trust Corp",93.28,Finance,"Banks - Major Regional","16:00 ET",+103.39%,-21.79%,1.12,19504368000,6488300000,1545300000,7.2,2.84%,-24.63
GL,"Globe Life Inc",93.26,Finance,"Finance - Misc Services","16:00 ET",+165.43%,-0.01%,0.96,8819769000,5112870000,744960000,7.03,0.94%,-10.45
ANET,"Arista Networks Inc",92.87,"Computers and Technology","Communications Components","16:00 ET",N/A,-35.21%,1.29,28338710000,2948040000,840850000,2.6,0.00%,2.71
CTXS,"Citrix Systems Inc",92.71,"Computers and Technology","Computer - Software","16:00 ET",+38.27%,-1.88%,0.04,11697259000,3217170000,307500000,3.07,0.78%,-27.07
TER,"Teradyne Inc",92.44,"Computers and Technology","Electronic Test Equipment","16:00 ET",+546.59%,-43.20%,1.49,14564055000,3702880000,1014590000,5.85,0.48%,-37.42
IPGP,"Ipg Photonics Corp",92.35,"Computers and Technology","Lasers - Systems & Components","16:00 ET",+110.83%,-46.29%,1.36,4767129000,1460860000,278420000,5.21,0.00%,-114.62
RTX,"Raytheon Technologies Corp",92.28,Aerospace,"Aerospace - Defense Equipment","16:00 ET",+104.93%,+7.55%,1.18,135812464000,64388000000,3864000000,4.52,2.39%,3.16
CF,"Cf Industries Holdings",92.07,"Basic Materials",Fertilizers,"16:03 ET",+140.66%,+30.29%,1.02,19452138000,6538000000,917000000,10.02,1.85%,38.73
BXP,"Boston Properties",92.04,Finance,"REIT - Equity Trust Other","16:00 ET",-16.36%,-19.75%,1.09,14204376000,2888620000,505200000,3.49,4.30%,-29.57
WEC,"Wisconsin Energy Corp",91.88,Utilities,"Utility - Electric Power","16:00 ET",+132.63%,-5.25%,0.27,29035792000,8316000000,1301500000,4.29,3.04%,-1.13
KMX,"Carmax Inc",91.54,Retail-Wholesale,"Retail - Wholesale Auto Parts","16:03 ET",+246.14%,-29.56%,1.42,14414706000,31900410000,1151300000,6.86,0.00%,-27.1
FISV,"Fiserv Inc",91.47,"Business Services","Financial Transaction Services","16:00 ET",+397.87%,-11.40%,0.79,58610800000,16226000000,1334000000,5.81,0.00%,-17.77
CVS,"CVS Corp",91.45,Retail-Wholesale,"Retail - Drug Stores","16:00 ET",+93.97%,-11.20%,0.78,118857040000,292111000000,7910000000,8.59,2.42%,6.21
AKAM,"Akamai Technologies",91.04,"Computers and Technology","Internet - Services","16:00 ET",+181.26%,-21.91%,0.61,14315236000,3461220000,651640000,4.76,0.00%,-26.78
AEP,"American Electric Power Company",90.65,Utilities,"Utility - Electric Power","16:00 ET",+126.67%,+2.19%,0.34,46444920000,16792000000,2488100000,4.81,3.35%,5.68
DVA,"Davita Healthcare Partners Inc",90.15,Medical,"Medical - Outpatient & Hm Care","16:00 ET",+83.22%,-20.56%,1.14,8511161000,11618800000,978450000,8.63,0.00%,-33.27
MDT,"Medtronic Inc",89.35,Medical,"Medical Products","16:00 ET",+128.45%,-13.37%,0.74,118699368000,31686000000,5040000000,5.62,2.79%,-35.55
AMD,"Adv Micro Devices",89.3,"Computers and Technology","Electronics - Semiconductors","16:00 ET","+1,418.15%",-37.53%,1.86,140967984000,16434000000,3162000000,3.09,0.00%,9.42
EW,"Edwards Lifesciences Corp",88.78,Medical,"Medical Instruments","16:00 ET",+402.42%,-31.33%,1.17,53781552000,5232500000,1503100000,2.29,0.00%,-11.32
ED,"Consolidated Edison Company of New York",88.25,Utilities,"Utility - Electric Power","16:03 ET",+42.76%,+3.43%,0.22,31454310000,13676000000,1346000000,4.41,3.47%,10.5
WAB,"Wabtec Corp",88,Transportation,"Transportation - Equip & Lease","16:03 ET",+121.30%,-4.26%,1.51,15766175000,7822000000,558000000,4.51,0.70%,7.76
RJF,"Raymond James Financial",87.98,Finance,"Finance - Investment Brokers","16:03 ET",+280.17%,-11.86%,1.09,18071848000,9760000000,1403000000,7.56,1.59%,1.71
MNST,"Monster Beverage Cp",87.87,"Consumer Staples","Beverages - Soft","16:00 ET",+271.04%,-7.95%,1.01,46642832000,5541350000,1377480000,2.53,0.00%,-3.79
LYV,"Live Nation Entertainment",86.68,"Consumer Discretionary","Leisure & Recreation Services","16:03 ET",+825.27%,-27.34%,1.29,19371756000,6268450000,-650900000,-2.06,0.00%,1.01
PCAR,"Paccar Inc",85.85,Auto-Tires-Trucks,"Auto - Domestic","16:00 ET",+114.75%,-2.33%,0.89,29261002000,23522300000,1852100000,5.68,1.64%,-6.13
EMR,"Emerson Electric Company",85.46,"Industrial Products","Machinery - Electrical","16:03 ET",+81.84%,-7.67%,1.42,50311800000,18236000000,2303000000,4.64,2.42%,-12.77
MRK,"Merck & Company",84.63,Medical,"Large Cap Pharma","16:03 ET",+102.40%,+10.65%,0.36,213684016000,48704000000,13049000000,7,3.25%,9.1
TSN,"Tyson Foods",84.11,"Consumer Staples","Food - Meat Products","16:00 ET",+345.67%,-3.10%,0.69,30418148000,47049000000,3047000000,10.16,2.21%,8.74
MKC,"Mccormick & Company",83.73,"Consumer Staples","Food - Misc & Diversified","16:00 ET",+176.34%,-12.99%,0.45,22464852000,6317900000,755300000,2.96,1.71%,-4.71
AEE,"Ameren Corp",83.26,Utilities,"Utility - Electric Power","16:00 ET",+148.36%,-6.34%,0.34,21510310000,6394000000,990000000,3.9,2.76%,-2.77
RHI,"Robert Half International Inc",82.34,"Business Services",Staffing,"16:03 ET",+185.02%,-26.01%,1.46,8999154000,6461440000,598630000,5.89,2.13%,-8.92
ADM,"Archer Daniels Midland",82.28,"Consumer Staples","Agriculture Operations","16:00 ET",+180.05%,+21.94%,0.75,46519072000,85249000000,2709000000,5.7,1.95%,17.78
HAS,"Hasbro Inc",81.76,"Consumer Discretionary","Toys & Game & Hobby","16:00 ET",+138.41%,-19.61%,0.83,11259941000,6420400000,428700000,4.79,3.45%,-13.3
CHD,"Church & Dwight Company",81.5,"Consumer Staples","Soap and Cleaning Products","16:03 ET",+195.66%,-19.80%,0.43,19907222000,5190100000,827500000,3.03,1.24%,-2.98
SYY,"Sysco Corp",80.78,"Consumer Staples","Food - Misc & Diversified","16:00 ET",+168.84%,+3.14%,1.15,40829408000,51297840000,524210000,2.82,2.36%,1.8
ES,"Eversource Energy",80.58,Utilities,"Utility - Electric Power","16:00 ET",+108.04%,-11.32%,0.41,27845448000,9863090000,1220530000,4.02,3.04%,-3.09
WELL,"Welltower Inc",78.48,Finance,"REIT - Equity Trust Other","15:59 ET",+32.85%,-8.31%,0.98,35159820000,4742120000,336140000,0.75,3.13%,-2.52
CNC,"Centene Corp",77.46,Medical,"Medical - HMO","16:03 ET",+911.01%,-5.30%,0.52,44585940000,125982000000,1347000000,5.35,0.00%,8.04
MTCH,"Match Group Inc",77.06,Retail-Wholesale,"Internet Commerce","16:00 ET",N/A,-41.29%,1.17,20868280000,2983280000,277720000,0.89,0.00%,-64.7
XYL,"Xylem Inc",76.44,"Industrial Products","Machinery - General Industrial","15:59 ET",+203.93%,-36.00%,1.08,13777115000,5195000000,427000000,2.39,1.56%,-41.34
CMA,"Comerica Inc",76.34,Finance,"Banks - Major Regional","16:03 ET",+143.70%,-11.86%,1.33,9786078000,3024000000,1168000000,7.25,3.63%,3.67
STX,"Seagate Technology Hldgs Plc",76.24,"Business Services","Technology Services","16:00 ET",+205.82%,-32.36%,1,16248651000,10681000000,1314000000,8.12,3.63%,-17.52
ETSY,"Etsy Inc",76.05,"Computers and Technology","Internet - Services","16:00 ET",N/A,-65.22%,1.76,9102992000,2329110000,493510000,3.01,0.00%,-89.91
MS,"Morgan Stanley",76.02,Finance,"Finance - Investment Brokers","16:03 ET",+413.78%,-22.20%,1.41,131126328000,59755000000,15034000000,8.07,3.72%,-14.33
ROST,"Ross Stores Inc",76,Retail-Wholesale,"Retail - Discount","16:00 ET",+136.91%,-33.26%,0.93,25894522000,18916240000,1722590000,4.49,1.66%,-42.46
PYPL,"Paypal Holdings",75.83,"Computers and Technology","Internet - Software","16:00 ET",N/A,-59.64%,1.4,83911584000,25371000000,4169000000,3.24,0.00%,-195.78
ATVI,"Activision Blizzard",75.35,"Consumer Discretionary","Toys & Game & Hobby","16:00 ET",+522.52%,+13.33%,0.55,58359596000,8803000000,2699000000,2.8,0.63%,-20.57
HSIC,"Henry Schein Inc",74.97,Medical,"Medical - Dental Suppliers","16:00 ET",+143.66%,-3.12%,0.74,10353824000,12401020000,631230000,4.58,0.00%,-3.29
D,"Dominion Resources",74.88,Utilities,"Utility - Electric Power","16:03 ET",+38.15%,-4.53%,0.41,60520740000,13964000000,3288000000,3.95,3.50%,-3.12
SBUX,"Starbucks Corp",74.19,Retail-Wholesale,"Retail - Restaurants","16:00 ET",+171.23%,-36.32%,0.97,82932336000,29060600000,4199300000,3.32,2.71%,-37.4
NEE,"Nextera Energy",74.19,Utilities,"Utility - Electric Power","16:00 ET",+315.52%,-20.35%,0.48,140422464000,17069000000,3573000000,2.61,2.35%,0.93
CL,"Colgate-Palmolive Company",74.16,"Consumer Staples","Soap and Cleaning Products","16:00 ET",+42.69%,-12.91%,0.56,62233952000,17421000000,2166000000,3.14,2.47%,-8.95
BMY,"Bristol-Myers Squibb Company",73.02,Medical,"Medical - Biomedical","16:00 ET",+102.70%,+17.40%,0.49,155144896000,46385000000,6994000000,7.72,2.94%,5.78
BBY,"Best Buy Company",71.76,Retail-Wholesale,"Retail - Consumer Electronics","16:00 ET",+236.78%,-29.22%,1.42,15894608000,51761000000,2454000000,9.36,5.07%,-41.35
DXCM,"Dexcom Inc",71.51,Medical,"Medical Instruments","16:00 ET","+2,039.20%",-46.35%,1.08,27204450000,2448500000,154700000,2.65,0.00%,-29.26
CBRE,"CBRE Group Inc",71.4,Finance,"Real Estate Operations","16:03 ET",+331.42%,-34.02%,1.36,23069850000,27746040000,1836570000,6.33,0.00%,-17.51
OTIS,"Otis Worldwide Corp",69.76,Construction,"Building & Construction - Misc","16:00 ET",N/A,-19.70%,0.88,29261572000,14298000000,1246000000,3.05,1.63%,-11.07
ORCL,"Oracle Corp",69.67,"Computers and Technology","Computer - Software","15:59 ET",+138.11%,-19.85%,0.87,188692064000,40479000000,13746000000,4.4,2.00%,-11.74
EQR,"Equity Residential",69.15,Finance,"REIT - Equity Trust Resident","16:00 ET",+10.30%,-23.37%,0.82,25864168000,2464000000,1332850000,3.58,3.61%,-10.36
GE,"General Electric Company",69.1,Conglomerates,"Conglomerates - Div Operations","16:00 ET",-59.18%,-26.70%,1.01,74900256000,74196000000,-6520000000,2.13,0.47%,-39.07
LEN,"Lennar Corp",68.97,Construction,"Building - Residential & Comm","16:00 ET",+123.68%,-40.67%,1.46,20430178000,27130680000,4430110000,13.28,2.14%,-23.64
INCY,"Incyte Corp",68.55,Medical,"Medical - Biomedical","16:00 ET",+191.54%,-6.46%,0.71,14659201000,2986270000,948580000,1.98,0.00%,-14.1
CTSH,"Cognizant Tech Sol",68.49,"Computers and Technology","Business Software Services","16:00 ET",+126.23%,-22.55%,1.1,35372084000,18507000000,2137000000,4.23,1.59%,-1.64
DVN,"Devon Energy Corp",68.46,Oils-Energy,"Oil - US Exploration & Product","16:00 ET",+21.73%,+56.25%,2.59,46589400000,12206000000,2813000000,4.95,7.34%,39.23
PNW,"Pinnacle West Capital Corp",68.37,Utilities,"Utility - Electric Power","15:59 ET",+31.79%,-2.90%,0.31,7705538000,3803840000,618720000,5.3,4.77%,-19.34
HOLX,"Hologic Inc",68.32,Medical,"Medical Instruments","16:00 ET",+276.22%,-10.45%,1.09,16925488000,5632300000,1871500000,7.18,0.00%,6.1
BAX,"Baxter International Inc",67.83,Medical,"Medical Products","16:00 ET",+133.61%,-20.86%,0.62,33978136000,12784000000,1284000000,3.79,1.62%,-14.02
K,"Kellogg Company",67.8,"Consumer Staples","Food - Misc & Diversified","16:00 ET",+38.54%,+5.42%,0.48,23090238000,14181000000,1488000000,4.16,3.37%,3.04
BF.B,"Brown Forman Inc Cl B",67.09,"Consumer Staples","Beverages - Alcohol","16:03 ET",+152.30%,-7.64%,0.74,31209752000,3933000000,838000000,1.74,1.14%,-8.55
HIG,"Hartford Financial Services Group",67.03,Finance,"Insurance - Multi Line","16:03 ET",+277.77%,-2.58%,0.97,21902408000,22390000000,2365000000,7.27,2.33%,2.49
WRB,"W.R. Berkley Corp",67.01,Finance,"Insurance - Proprty & Casualty","16:03 ET",+285.83%,+22.49%,0.75,17698980000,9455470000,1022490000,3.78,0.52%,16.58
SO,"Southern Company",66.57,Utilities,"Utility - Electric Power","16:03 ET",+44.23%,-2.73%,0.48,70955424000,23113000000,2408000000,3.4,3.96%,2.39
GIS,"General Mills",66.34,"Consumer Staples","Food - Misc & Diversified","16:00 ET",+72.42%,-1.34%,0.45,40016984000,18127000000,2339800000,3.73,3.04%,4.34
BALL,"Ball Corporation",66.27,"Industrial Products","Containers - Metal & Glass","16:00 ET",+224.00%,-31.22%,0.56,21265968000,13811000000,878000000,3.54,1.19%,-15.2
APH,"Amphenol Corp",66.12,"Computers and Technology","Electronics - Connectors","16:00 ET",+377.28%,-24.06%,1.21,39130452000,10876300000,1590800000,2.63,1.23%,-2.01
XEL,"XCEL Energy Inc",65.85,Utilities,"Utility - Electric Power","16:00 ET",+131.89%,-2.42%,0.32,35881740000,13431000000,1597000000,2.99,2.85%,-3.13
DHI,"D.R. Horton",65.44,Construction,"Building - Residential & Comm","16:00 ET",+257.56%,-39.50%,1.58,23135412000,27774200000,4175800000,13.96,1.35%,-23.05
OMC,"Omnicom Group Inc",65.43,"Business Services","Advertising Marketing Services","16:00 ET",+33.64%,-10.45%,0.78,13362358000,14289400000,1407800000,6.45,4.24%,-17.57
NTAP,"Netapp Inc",65.43,"Computers and Technology","Computer - Storage Devices","16:00 ET",+102.14%,-28.80%,1.24,14313515000,6318000000,937000000,4.46,3.10%,-18.02
LW,"Lamb Weston Holdings Inc",65.12,"Consumer Staples","Food - Misc & Diversified","15:59 ET",N/A,+3.12%,0.56,9266276000,3670900000,317800000,1.87,1.50%,-17.24
PFG,"Principal Financial Group Inc",64.96,Finance,"Finance - Investment Mgmt","16:00 ET",+143.77%,-9.95%,1.46,16156615000,14262700000,1710600000,6.87,4.03%,0.58
O,"Realty Income Corp",64.8,Finance,"REIT - Equity Trust Retail","16:00 ET",+50.32%,-9.09%,0.74,37774340000,2080460000,359460000,1.02,4.69%,-4.53
STT,"State Street Corp",63.95,Finance,"Banks - Major Regional","15:59 ET",+39.29%,-31.06%,1.6,22827210000,12030000000,2693000000,7.56,3.62%,-21.68
PVH,"Phillips-Van Heusen Corp",63.4,"Consumer Staples","Textile - Apparel","16:00 ET",-20.76%,-40.18%,2.07,4127475000,9154700000,952300000,10.17,0.25%,-45.18
NEM,"Newmont Mining Corp",62.68,"Basic Materials","Mining - Misc","16:00 ET",+30.06%,+1.29%,0.37,50071440000,12222000000,1166000000,2.9,3.40%,-6.26
CMS,"Cms Energy Corp",62.66,Utilities,"Utility - Electric Power","16:03 ET",+166.04%,-3.50%,0.26,18138864000,7329000000,1353000000,2.76,2.84%,2.27
MET,"Metlife Inc",62.31,Finance,"Insurance - Multi Line","16:00 ET",+124.58%,-0.02%,1.15,50304924000,71080000000,6554000000,9.01,3.28%,-1.29
FBHS,"Fortune Brands Home & Security",62.12,Retail-Wholesale,"Retail - Home Furniture","16:03 ET",+175.35%,-41.64%,1.54,8021086000,7656100000,772400000,5.68,1.80%,-36.55
MCHP,"Microchip Technology",61.55,"Computers and Technology","Semi Analog & Mixed","16:00 ET",+268.50%,-28.90%,1.55,33796836000,6820900000,1285500000,4.23,1.84%,-15.07
SCHW,"The Charles Schwab Corp",61.51,Finance,"Finance - Investment Brokers","16:00 ET",+372.62%,-26.41%,1.09,111040352000,18520000000,5855000000,3.17,1.33%,-10.65
TXT,"Textron Inc",61.35,Aerospace,"Aerospace - Defense","15:59 ET",+142.02%,-20.19%,1.65,12945845000,12382000000,746000000,3.48,0.13%,-7.08
EVRG,"Evergy Inc",61.31,Oils-Energy,"Oil - Production & Pipeline","15:59 ET",+104.74%,-10.68%,0.47,14071591000,5586700000,879700000,3.57,3.62%,-3.24
EIX,"Edison International",61.13,Utilities,"Utility - Electric Power","16:00 ET",+31.99%,-10.17%,0.64,23220940000,14905000000,925000000,4.86,4.49%,2.72
PEG,"Public Service Enterprise Group Inc",60.52,Utilities,"Utility - Electric Power","16:03 ET",+87.60%,-9.14%,0.55,30439822000,9722000000,-648000000,3.7,3.42%,-1.72
DD,"Dupont Denemours Inc",60.35,"Basic Materials","Chemical - Diversified","16:03 ET",+34.85%,-25.04%,1.39,30699776000,16653000000,6467000000,4.11,2.17%,-21.01
OXY,"Occidental Petroleum Corp",60.28,Oils-Energy,"Oil - US Integrated","16:00 ET",-27.61%,+108.55%,1.92,58190192000,25956000000,2322000000,4.79,0.87%,31.26
TRMB,"Trimble Navigation",59.79,"Computers and Technology","Electronics Products - Misc","16:00 ET",+157.16%,-31.40%,1.53,14798400000,3659100000,492700000,2.35,0.00%,-18.38
OKE,"Oneok Inc",59.69,Oils-Energy,"Oil Gas Prod Pipeline MLP","16:00 ET",+42.73%,+1.75%,1.75,26971140000,16540310000,1499710000,3.37,6.12%,3.81
KO,"Coca-Cola Company",59.67,"Consumer Staples","Beverages - Soft","16:00 ET",+51.50%,+1.00%,0.58,256763760000,38655000000,9771000000,2.42,2.87%,4.39
WYNN,"Wynn Resorts Ltd",59.34,"Consumer Discretionary",Gaming,"16:00 ET",-44.07%,-30.00%,2.22,6727129000,3763660000,-755790000,-4.94,0.00%,-65.87
MU,"Micron Technology",59.12,"Computers and Technology","Semi Memory","16:00 ET",+830.27%,-36.16%,1.17,65548356000,27705000000,5861000000,8.3,0.68%,-22.71
MDLZ,"Mondelez Intl Inc",59.04,"Consumer Staples","Food - Misc & Diversified","16:00 ET",+202.80%,-10.78%,0.64,80918032000,28720000000,4300000000,2.92,2.36%,-4.49
L,"Loews Corp",58.91,Finance,"Insurance - Multi Line","16:00 ET",+43.09%,+2.04%,0.85,14407162000,14657000000,1578000000,4.79,0.43%,2.43
SEE,"Sealed Air Corp",58.89,"Industrial Products","Containers - Paper Products","16:03 ET",+279.40%,-12.45%,1.19,8557600000,5533800000,506800000,3.89,1.38%,0.34
GILD,"Gilead Sciences Inc",58.39,Medical,"Medical - Biomedical","16:00 ET",+125.39%,-19.39%,0.37,72486752000,27305000000,6225000000,7.33,4.94%,-9.56
REG,"Regency Centers Corp",58.26,Finance,"REIT - Equity Trust Retail","16:00 ET",+18.98%,-22.23%,1.08,9755688000,1166160000,361410000,2.62,4.37%,-7.72
CEG,"Constellation Energy Corp",58.2,Oils-Energy,"Other Alt Energy","16:00 ET",N/A,N/A,N/A,17785494000,19649000000,-205000000,0.32,1.02%,N/A
TJX,"TJX Companies",57.63,Retail-Wholesale,"Retail - Discount","16:03 ET",+167.09%,-24.01%,0.88,67169896000,48549980000,3282820000,3.09,2.06%,-7.71
DOW,"Dow Inc",57.41,"Basic Materials","Chemical - Diversified","16:00 ET",N/A,+1.59%,1.3,42637656000,54968000000,6311000000,9.96,4.77%,-9.6
FTV,"Fortive Corp",56.62,"Computers and Technology","Electronic Test Equipment","15:59 ET",N/A,-25.52%,1.1,20098178000,5254700000,608400000,2.81,0.49%,-14.7
AOS,"Smith A.O. Corp",56.04,"Industrial Products","Machinery - Electrical","16:00 ET",+355.23%,-34.48%,1.15,8680229000,3538900000,487100000,3.19,2.00%,-13.01
LNT,"Alliant Energy Corp",55.74,Utilities,"Utility - Electric Power","16:00 ET",+144.06%,-9.22%,0.45,13947155000,3669000000,674000000,2.71,2.98%,-2.95
CTVA,"Corteva Inc",55.53,"Consumer Staples","Agriculture Operations","16:03 ET",N/A,+17.91%,0.64,40809444000,15655000000,1759000000,2.31,1.00%,11.44
BRO,"Brown & Brown",54.94,Finance,"Insurance - Brokers","16:00 ET",+300.88%,-21.50%,0.81,15429042000,3051400000,587100000,2.27,0.75%,2.23
AFL,"Aflac Inc",54.23,Finance,"Insurance - Accident & Health","16:00 ET",+152.22%,-6.99%,0.96,34598100000,22106000000,4325000000,5.82,2.98%,-1.09
DRE,"Duke Realty Corp",53.68,Finance,"REIT - Equity Trust Other","16:00 ET",+249.73%,-17.96%,0.74,19684096000,1105920000,852900000,2.76,2.23%,4.95
MOS,"Mosaic Company",53.6,"Basic Materials",Fertilizers,"15:59 ET",-3.71%,+36.70%,1.57,19087892000,12357400000,1630600000,6.88,1.17%,20.65
ZION,"Zions Bancorp",53.12,Finance,"Banks - West","16:00 ET",+166.84%,-15.60%,1.29,7843423000,2970000000,1129000000,6.14,2.98%,-1.21
AIG,"American International Group",52.05,Finance,"Insurance - Multi Line","16:00 ET",+62.11%,-8.20%,1.24,41209832000,52057000000,9388000000,5.37,2.48%,0.67
TAP,"Molson Coors Brewing Company",51.82,"Consumer Staples","Beverages - Alcohol","16:03 ET",+23.43%,+12.17%,0.85,11139779000,10279700000,1005700000,4.43,3.00%,-6.15
CAH,"Cardinal Health",51.04,Medical,"Medical - Dental Suppliers","16:00 ET",+21.69%,-0.62%,0.82,13923744000,162467000000,611000000,4.78,3.81%,-7.1
MAS,"Masco Corp",50.95,Construction,"Building & Construction - Misc","16:03 ET",+269.21%,-27.29%,1.23,12082488000,8375000000,410000000,3.75,2.14%,-8.39
KR,"Kroger Company",50.88,Retail-Wholesale,"Retail - Supermarket","16:00 ET",+334.58%,+12.70%,0.49,36328064000,137888000000,1655000000,3.68,1.67%,13.14
VTR,"Ventas Inc",50.23,Finance,"REIT - Equity Trust Other","15:59 ET",-23.27%,-1.49%,1.16,19357278000,3828010000,49010000,0.39,3.66%,-8.08
WDC,"Western Digital Cp",49.95,"Computers and Technology","Computer - Storage Devices","16:00 ET",+61.55%,-22.92%,1.41,15420392000,16922000000,821000000,7.62,0.00%,-24.65
JCI,"Johnson Controls Intl",49.86,"Industrial Products","Protection - Safety","16:00 ET",+87.70%,-38.64%,1.15,34505184000,23668000000,1637000000,2.88,2.79%,-17.41
FAST,"Fastenal Company",49.61,Retail-Wholesale,"Building Prds Retail - Wsale","16:00 ET",+143.76%,-22.03%,1.29,28279524000,6010900000,925000000,1.71,2.48%,-1.61
VZ,"Verizon Communications Inc",49.15,Utilities,"Wireless National","16:00 ET",+10.62%,-5.09%,0.41,206454496000,133613000000,22065000000,5.44,5.16%,-7.98
LNC,"Lincoln National Corp",49.09,Finance,"Insurance - Life","16:00 ET",+120.94%,-27.82%,1.91,8308480000,19230000000,1405000000,8.01,3.77%,-17.54
LKQ,"LKQ Corp",48.75,Auto-Tires-Trucks,"Auto - Truck Replacement Parts","16:00 ET",+190.80%,-18.54%,1.45,13723058000,13088500000,1090870000,4.02,2.09%,-0.05
PFE,"Pfizer Inc",48.51,Medical,"Large Cap Pharma","16:03 ET",+108.35%,-17.60%,0.76,268874112000,81288000000,21980000000,5.11,3.34%,9.07
IRM,"Iron Mountain Inc",47.97,Finance,"REIT - Equity Trust Other","16:03 ET",+43.45%,-8.05%,0.82,13737771000,4491530000,450220000,1.59,5.11%,2.16
C,"Citigroup Inc",47.58,Finance,"Banks - Major Regional","16:03 ET",+67.68%,-20.98%,1.6,91041928000,79865000000,21952000000,9.34,4.46%,-26.1
CDAY,"Ceridian Hcm Holding Inc",47.21,"Computers and Technology","Internet - Software","16:00 ET",N/A,-54.63%,1.51,6893448000,1024200000,-75400000,-0.46,0.00%,-37.15
VFC,"V.F. Corp",46.7,"Consumer Staples","Textile - Apparel","16:00 ET",+36.14%,-36.14%,1.42,17637630000,11841840000,1386940000,3.18,4.37%,-35.21
TFC,"Truist Financial Corp",46.58,Finance,"Banks - Major Regional","16:00 ET",+49.89%,-20.07%,1.17,61564584000,23064000000,6440000000,5.58,4.12%,-10.41
USB,"U.S. Bancorp",46.36,Finance,"Banks - Major Regional","16:00 ET",+42.16%,-16.97%,0.98,67928032000,23714000000,7963000000,4.64,3.91%,-11.87
PNR,"Pentair Ltd",46.03,"Industrial Products","Machinery - Thermal Processing","16:03 ET",+19.80%,-37.01%,1.11,7585244000,3764800000,553000000,3.45,1.81%,-21.17
MO,"Altria Group",45.67,"Consumer Staples",Tobacco,"16:03 ET",+33.98%,-3.61%,0.5,83810688000,26013000000,2475000000,4.66,7.63%,-2.22
APA,"Apa Corp",45.63,Oils-Energy,"Oil - US Exploration & Product","16:00 ET",-47.66%,+70.21%,4.12,15558671000,7928000000,973000000,4.89,1.10%,22.91
CPB,"Campbell Soup Company",45.31,"Consumer Staples","Food - Misc & Diversified","16:00 ET",+36.13%,+4.36%,0.4,13658172000,8476000000,1002000000,2.83,3.23%,-0.01
HRL,"Hormel Foods Corp",44.89,"Consumer Staples","Food - Meat Products","16:03 ET",+196.65%,-7.72%,0.1,24638048000,11386190000,908840000,1.82,2.30%,-3.6
IR,"Ingersoll Rand Inc",44.56,"Industrial Products","Machinery - General Industrial","16:03 ET",N/A,-27.75%,1.48,17767556000,5152400000,562500000,1.99,0.18%,-2.62
IP,"International Paper Company",44.03,"Basic Materials","Paper & Related Products","15:59 ET",+50.88%,-6.22%,0.9,16166836000,19363000000,1752000000,3.95,4.29%,-19.13
CSCO,"Cisco Systems Inc",43.8,"Computers and Technology","Computer - Networks","16:00 ET",+149.91%,-30.55%,0.99,177688768000,49818000000,10591000000,3.04,3.52%,-9.78
EBAY,"Ebay Inc",43.51,Retail-Wholesale,"Internet Commerce","16:00 ET",+140.72%,-34.42%,1.15,23838072000,10420000000,13608000000,3.34,2.05%,-22.35
WRK,"Westrock Company",43.4,"Basic Materials","Paper & Related Products","16:00 ET",N/A,-1.94%,0.99,10900020000,18746100000,838300000,4.05,2.37%,-12.95
UDR,"United Dominion Realty Trust",42.94,Finance,"REIT - Equity Trust Resident","16:00 ET",+63.78%,-27.94%,0.77,13474730000,1290770000,150020000,0.48,3.58%,-6.38
EXC,"Exelon Corp",42.26,Utilities,"Utility - Electric Power","16:00 ET",+57.45%,+2.84%,0.56,41469600000,36347000000,1706000000,3.52,3.09%,8.78
BK,"Bank of New York Mellon Corp",41.87,Finance,"Banks - Major Regional","16:03 ET",+84.97%,-27.73%,1.14,32796598000,16158000000,3759000000,4.07,3.28%,-8.48
SLB,"Schlumberger N.V.",41.52,Oils-Energy,"Oil - Field Services","16:00 ET",-33.42%,+38.76%,1.9,61089792000,22929000000,1881000000,1.41,1.58%,7.37
CZR,"Caesars Entertainment Inc",41.39,"Consumer Discretionary","Leisure & Recreation Services","16:00 ET",N/A,-55.45%,2.82,8443876000,9570000000,-1019000000,-3.85,0.00%,-64.83
ALK,"Alaska Air Group",41.18,Transportation,"Transportation - Airline","16:00 ET",+126.18%,-20.65%,1.44,5119335000,6176000000,478000000,0.08,0.00%,-22.99
WBA,"Walgreens Boots Alliance",40.73,Retail-Wholesale,"Retail - Drug Stores","16:00 ET",+35.90%,-21.65%,0.55,34723676000,132509000000,2542000000,5.95,4.74%,-13.38
CMCSA,"Comcast Corp A",40.13,"Consumer Discretionary","Cable TV","16:00 ET",+149.23%,-20.01%,0.96,180603872000,116385000000,14158000000,3.34,2.69%,-17.06
RCL,"Royal Caribbean Cruises Ltd",39.72,"Consumer Discretionary","Leisure & Recreation Services","15:59 ET",+51.71%,-47.98%,2.4,10068212000,1532130000,-5260500000,-19.32,0.00%,-46.93
PHM,Pultegroup,39.44,Construction,"Building - Residential & Comm","15:59 ET",+272.71%,-30.69%,1.32,9476564000,13926880000,1946320000,7.88,1.50%,-14.59
NRG,"NRG Energy",39.11,Utilities,"Utility - Electric Power","16:00 ET",+127.07%,-8.87%,0.89,9353735000,26989000000,2187000000,7.08,3.45%,1.75
INTC,"Intel Corp",38.65,"Computers and Technology","Semi General","16:00 ET",+42.33%,-24.74%,0.6,155095776000,79024000000,19868000000,4.95,3.87%,-19.23
WFC,"Wells Fargo & Company",38.17,Finance,"Banks - Major Regional","16:03 ET",+11.93%,-20.23%,1.13,141872880000,82407000000,21548000000,4.81,2.56%,-7.18
TWTR,"Twitter Inc",38,"Computers and Technology","Internet - Software","15:59 ET",N/A,-12.03%,0.58,28420376000,5077480000,-221410000,0.28,0.00%,-22.21
UAL,"United Airlines Holdings Inc",37.89,Transportation,"Transportation - Airline","16:00 ET",+52.03%,-13.09%,1.23,12085706000,24634000000,-1964000000,-10.77,0.00%,-17.24
FE,"Firstenergy Corp",37.24,Utilities,"Utility - Electric Power","16:03 ET",-21.96%,-10.51%,0.37,21918080000,11132000000,1283000000,2.52,4.01%,-1.66
LUV,"Southwest Airlines Company",37.23,Transportation,"Transportation - Airline","16:00 ET",+303.69%,-12.63%,0.92,22069822000,15790000000,977000000,-0.76,0.00%,-19.69
FCX,"Freeport-Mcmoran Inc",36.9,"Basic Materials","Mining - Non Ferrous","16:03 ET",+8.07%,-11.19%,2.02,53361824000,22845000000,4306000000,3.69,0.81%,-0.54
CARR,"Carrier Global Corp",36.77,"Computers and Technology","Electronics Products - Misc","16:00 ET",N/A,-32.06%,1.36,30485818000,20613000000,1664000000,2.33,1.64%,-9.68
CFG,"Citizens Financial Group Inc/Ri",36.29,Finance,"Finance - Savings & Loan","16:00 ET",N/A,-22.80%,1.44,17667604000,6986000000,2319000000,5.01,4.40%,-11.25
KHC,"Kraft Heinz Company",36.18,"Consumer Staples","Food - Misc & Diversified","16:00 ET",N/A,+1.00%,0.85,44233624000,26042000000,1012000000,2.82,4.44%,-6.5
BSX,"Boston Scientific Corp",36.03,Medical,"Medical Products","16:00 ET",+521.52%,-15.00%,0.82,50378084000,11888000000,1041000000,1.65,0.00%,-6.64
BWA,"Borgwarner Inc",35.78,Auto-Tires-Trucks,"Auto - Truck Original Parts","16:00 ET",+6.91%,-20.56%,1.34,8399500000,14838000000,537000000,3.99,1.93%,-16.28
HAL,"Halliburton Company",35.61,Oils-Energy,"Oil - Field Services","16:00 ET",+29.17%,+56.69%,2.28,33075460000,15295000000,1457000000,1.25,1.28%,11.64
XRAY,"Dentsply Sirona Inc",35.36,Medical,"Medical - Dental Suppliers","16:00 ET",-5.87%,-36.35%,0.94,7667937000,4251000000,421000000,2.67,1.36%,-30.38
FITB,"Fifth Third Bancorp",34.73,Finance,"Banks - Major Regional","16:00 ET",+158.06%,-19.79%,1.3,23641622000,8329000000,2770000000,3.5,3.48%,-5.13
WY,"Weyerhaeuser Company",34.51,Construction,"Building Products - Wood","16:00 ET",+53.94%,-15.93%,1.48,25625620000,10201000000,2607000000,3.77,2.10%,-0.05
HPQ,"Hp Inc",34.41,"Computers and Technology","Computer - Mini","16:03 ET",+269.22%,-8.27%,0.92,34902156000,63487000000,6503000000,4.12,2.96%,4.97
GM,"General Motors Company",34.18,Auto-Tires-Trucks,"Auto - Domestic","16:00 ET",+68.36%,-41.45%,1.2,48413600000,127004000000,10019000000,6.93,0.00%,-26.49
BBWI,"Bath & Body Works Inc",34,Retail-Wholesale,"Retail - Misc & Diversified","16:03 ET",-4.56%,-51.21%,1.58,7502541000,7882000000,1333000000,4.63,2.44%,-18.2
OGN,"Organon & CO",33.59,Medical,"Medical Services","16:03 ET",N/A,+10.54%,N/A,8402994000,6304000000,1351000000,6.41,3.27%,1.85
FOXA,"Fox Corp Cl A",32.83,"Consumer Discretionary","Broadcast - Radio & TV","16:00 ET",N/A,-10.62%,0.93,17832670000,12909000000,2150000000,2.7,1.52%,-4.73
ROL,"Rollins Inc",32.77,Construction,"Building - Maint & Service","16:00 ET",+394.56%,-3.74%,0.59,16142871000,2424300000,350690000,0.68,1.21%,-0.86
GLW,"Corning Inc",32.74,"Computers and Technology","Communications Components","16:03 ET",+148.26%,-11.60%,0.92,27112044000,14082000000,1906000000,2.17,3.38%,-8.11
HWM,"Howmet Aerospace Inc",32.71,"Industrial Products","Engineering & R&D Services","15:59 ET",N/A,+3.24%,1.58,13456831000,4972000000,258000000,1.1,0.25%,-2.15
TPR,"Tapestry Inc",32.7,Retail-Wholesale,"Retail - Apparel & Shoes","16:00 ET",-45.96%,-18.98%,1.38,7956943000,5746300000,834200000,3.4,3.23%,-10.65
LVS,"Las Vegas Sands",32.64,"Consumer Discretionary",Gaming,"16:00 ET",-25.80%,-12.93%,1.28,24657798000,4234000000,-961000000,-1.33,0.00%,-21.51
DXC,"Dxc Technology Company",32.34,"Computers and Technology","IT Services","16:03 ET",N/A,+1.04%,2.13,7178886000,16265000000,718000000,3.5,0.00%,-8.61
BAC,"Bank of America Corp",32.05,Finance,"Banks - Major Regional","16:00 ET",+284.60%,-27.69%,1.38,253469456000,93851000000,31978000000,3.5,2.62%,-9.22
CAG,"Conagra Brands Inc",31.98,"Consumer Staples","Food - Misc & Diversified","16:03 ET",+57.59%,-6.22%,0.68,15260025000,11184700000,1298800000,2.26,3.91%,-5.22
DAL,"Delta Air Lines Inc",31.96,Transportation,"Transportation - Airline","16:00 ET",+186.58%,-17.90%,1.05,20116964000,29899000000,280000000,-1.78,0.00%,-13.44
WMB,"Williams Companies",31.75,Oils-Energy,"Oil - Production & Pipeline","16:00 ET",+12.21%,+22.24%,1.16,39390508000,10627000000,1517000000,1.41,5.13%,4.08
BKR,"Baker Hughes A Ge Co. Cl A",31.74,Oils-Energy,"Oil - Field Services","16:00 ET",+15.17%,+32.36%,1.51,33834616000,20502000000,-219000000,0.66,2.16%,6.89
CTRA,"Coterra Energy Inc",30.67,Oils-Energy,"Oil - US Exploration & Product","16:03 ET",+57.92%,+62.18%,-0.22,25068596000,3449000000,1158000000,2.53,1.84%,13.93
SYF,"Synchrony Financial",30.47,Finance,"Finance - Misc Services","16:00 ET",N/A,-34.22%,1.43,14798941000,15752000000,4221000000,7,2.96%,-19.53
FOX,"Fox Corp Cl B",30.44,"Consumer Discretionary","Broadcast - Radio & TV","16:00 ET",N/A,-10.91%,0.99,16507609000,12909000000,2150000000,2.7,1.64%,-5.45
PENN,"Penn Natl Gaming Inc",30.25,"Consumer Discretionary",Gaming,"16:00 ET",+187.46%,-41.47%,2.36,4837287000,5905000000,420800000,2.24,0.00%,-48.22
MGM,"MGM Resorts International",30.06,"Consumer Discretionary",Gaming,"16:00 ET",+163.44%,-32.71%,2.19,12525929000,9680140000,1254370000,0.03,0.03%,-12.04
VNO,"Vornado Realty Trust",29.45,Finance,"REIT - Equity Trust Other","16:00 ET",-56.89%,-29.34%,1.25,5552877000,1589210000,176000000,0.56,7.25%,-19.96
CSX,"CSX Corp",29.42,Transportation,"Transportation - Rail","16:00 ET",+293.65%,-21.49%,1.22,63792792000,12522000000,3781000000,1.64,1.36%,-3.28
VICI,"Vici Properties Inc",29.27,Finance,"REIT - Equity Trust Other","16:03 ET",N/A,-2.36%,0.96,27089244000,1509570000,1013850000,1.61,5.03%,-3.23
JNPR,"Juniper Networks",28.58,"Computers and Technology","Wireless Equipment","16:00 ET",+73.64%,-19.77%,0.95,9150051000,4735400000,252700000,1.23,2.99%,0.35
EMBC,"Embecta Corp",28.13,Medical,"Medical Services","16:00 ET",N/A,N/A,N/A,1590023000,289300000,98800000,0,0.00%,N/A
CNP,"Centerpoint Energy Inc",28.12,Utilities,"Utility - Electric Power","16:00 ET",+33.53%,+1.00%,0.87,17372792000,8352000000,1486000000,1.52,2.37%,2.2
MRO,"Marathon Oil Corp",28.07,Oils-Energy,"Oil - US Integrated","16:00 ET",+12.59%,+71.95%,2.56,20374424000,5601000000,946000000,2.4,1.13%,14.4
IPG,"Interpublic Group of Companies",28.05,"Business Services","Advertising Marketing Services","16:00 ET",+156.04%,-24.78%,0.99,10935986000,10240700000,952800000,2.62,4.14%,-5.57
NI,"NiSource Inc",27.72,Utilities,"Utility - Electric Power","15:59 ET",+183.81%,+0.60%,0.35,11200025000,4899600000,584900000,1.38,3.29%,1.61
PPL,"PPL Corp",26.27,Utilities,"Utility - Electric Power","16:00 ET",-6.40%,-12.56%,0.73,19155556000,5783000000,-1480000000,1.18,2.95%,-3.01
PARA,"Paramount Global Cl B",25.65,"Consumer Discretionary","Media Conglomerates","16:00 ET",-22.48%,-14.58%,1.56,16493656000,28586000000,4543000000,2.59,3.72%,-15.89
PEAK,"Healthpeak Properties Inc",24.37,Finance,"REIT - Equity Trust Other","16:00 ET",-46.91%,-32.41%,0.74,12647216000,1896180000,505540000,0.56,4.99%,-10.38
BEN,"Franklin Resources",23.78,Finance,"Finance - Investment Mgmt","16:00 ET",-37.62%,-28.86%,1.13,11538246000,8425500000,1831200000,4.26,5.03%,-10.45
NLSN,"Nielsen Holdings Plc",22.65,"Business Services","Business Information","16:00 ET",-14.11%,+10.48%,1.41,8100286000,3500000000,963000000,1.7,1.03%,-3.1
NLOK,"Nortonlifelock Inc",22,"Industrial Products","Protection - Safety","16:00 ET",+50.51%,-14.95%,0.65,12755608000,2796000000,836000000,1.73,2.25%,-5.91
AES,"The Aes Corp",19.55,Utilities,"Utility - Electric Power","16:00 ET",+47.39%,-19.18%,1.01,12629232000,11141000000,-409000000,1.47,3.26%,-6.42
T,"AT&T Inc",19.44,Utilities,"Wireless National","16:03 ET",-27.73%,+4.90%,0.57,139242560000,168864000000,20081000000,3.31,5.62%,-2.62
RF,"Regions Financial Corp",19.38,Finance,"Banks - Southeast","16:00 ET",+186.67%,-10.46%,1.25,18082576000,6605000000,2521000000,2.42,3.50%,-1.78
KIM,"Kimco Realty Corp",19.31,Finance,"REIT - Equity Trust Retail","16:03 ET",+0.89%,-21.42%,1.37,11865735000,1364590000,844060000,1.66,4.11%,-2
NWL,"Newell Rubbermaid Inc",18.72,"Consumer Staples","Consumer Prdts - Misc Staple","16:00 ET",+1.82%,-14.13%,0.71,7637345000,10589000000,572000000,1.88,4.94%,-8.59
DISH,"Dish Network Corp",18.18,"Consumer Discretionary","Cable TV","16:00 ET",-38.25%,-43.74%,1.94,9343811000,17881110000,2410640000,3.49,0.00%,-21.91
KEY,Keycorp,17.74,Finance,"Banks - Major Regional","16:00 ET",+126.62%,-22.91%,1.33,16355542000,7561000000,2625000000,2.46,4.49%,-3.87
HST,"Host Marriott Financial Trust",17.61,Finance,"REIT - Equity Trust Other","16:00 ET",+8.60%,+1.98%,1.15,12279869000,2890000000,-11000000,0.35,0.70%,-0.01
KMI,"Kinder Morgan",17.6,Oils-Energy,"Oil - Production & Pipeline","16:00 ET",-44.48%,+11.32%,0.9,40565088000,16610000000,1784000000,1.04,6.12%,-1.38
IVZ,"Invesco Plc",16.42,Finance,"Finance - Investment Mgmt","15:59 ET",-28.14%,-28.41%,1.25,7389606000,6894500000,1629800000,2.97,4.71%,-12.52
NWS,"News Cp Cl B",15.8,"Consumer Discretionary","Movie & TV Production & Dist","16:00 ET",N/A,-29.73%,1.39,9254724000,9358000000,330000000,0.99,1.26%,-8.92
NWSA,"News Cp Cl A",15.54,"Consumer Discretionary","Movie & TV Production & Dist","16:00 ET",N/A,-30.05%,1.32,9108288000,9358000000,330000000,0.99,1.28%,-10.4
WBD,"Discovery Inc Series A",14.85,"Consumer Discretionary","Broadcast - Radio & TV","16:00 ET",N/A,N/A,1.25,33927276000,12191000000,1006000000,2.08,0.00%,N/A
HPE,"Hewlett Packard Enterprise Comp",14.07,"Computers and Technology","Computer - Integrated Systems","16:03 ET",N/A,-10.53%,1.15,17761840000,27784000000,3427000000,2.78,3.50%,-1.52
AAL,"American Airlines Gp",13.31,Transportation,"Transportation - Airline","16:00 ET",-2.85%,-25.47%,1.45,8411219000,29882000000,-1993000000,-6.42,0.00%,-9.41
HBAN,"Huntington Bcshs",12.54,Finance,"Banks - Midwest","16:00 ET",+91.25%,-18.26%,1.18,17615502000,6080000000,1295000000,1.38,5.06%,-1.86
F,"Ford Motor Company",12.27,Auto-Tires-Trucks,"Auto - Domestic","16:03 ET",+27.22%,-40.64%,1.15,49041128000,136341000000,17937000000,1.28,3.39%,-2.67
AMCR,"Amcor Plc",12.1,"Industrial Products","Containers - Paper Products","16:00 ET",N/A,+0.83%,0.77,18168452000,12861000000,939000000,0.8,3.91%,0.1
NCLH,"Norwegian Cruise Ord",11.73,"Consumer Discretionary","Leisure & Recreation Services","16:00 ET",N/A,-43.11%,2.47,4660403000,647990000,-4506590000,-7.95,0.00%,-19.07
VTRS,"Viatris Inc",10.7,Medical,"Medical Services","16:00 ET",N/A,-21.03%,1.27,12511451000,17886300000,-1269100000,3.7,4.46%,-4.61
LUMN,Centurylink,10.5,"Business Services","Technology Services","16:00 ET",-73.18%,-16.18%,1.01,10940054000,19687000000,2033000000,2.11,9.52%,-4.33
CCL,"Carnival Corp",9.84,"Consumer Discretionary","Leisure & Recreation Services","16:00 ET",-72.22%,-50.90%,2.03,9421954000,1908000000,-9501000000,-6.92,0.00%,-18.73
UAA,"Under Armour",9.57,"Consumer Staples","Textile - Apparel","15:59 ET",-19.90%,-54.77%,1.27,4506139000,5683470000,360060000,0.68,0.00%,-11.21
UA,"Under Armour Inc Cl C",8.78,"Consumer Staples","Textile - Apparel","15:59 ET",N/A,-51.22%,1.32,4125070000,5683470000,360060000,0.68,0.00%,-9.13
"Downloaded from Barchart.com as of 06-15-2022 03:18pm CDT"
